{"type":"FeatureCollection","features":[{"type":"Feature","geometry":{"type":"Polygon","coordinates":[[[110.93872420146252,-7.923657626057826],[110.93901853369637,-7.92415697092511],[110.93946448897191,-7.924995310854979],[110.93955362546836,-7.925146938218107],[110.94003077867434,-7.925624030673501],[110.94008426059025,-7.925682009241492],[110.94043653182533,-7.925980798002453],[110.94049447058212,-7.926020899641256],[110.94066392099255,-7.926145745647163],[110.94141757987562,-7.926685313002779],[110.94160485770433,-7.926832438386159],[110.9424653900536,-7.926841406694648],[110.94257244500294,-7.926850317674949],[110.942808748136,-7.926943907149365],[110.94313873578633,-7.927117838861178],[110.94380316812365,-7.927385402973344],[110.94398153255204,-7.927487979937689],[110.9441331559749,-7.927572664074534],[110.94472618833359,-7.927871404435886],[110.9458543147465,-7.92850908007175],[110.94601485202796,-7.928580436105023],[110.94654994609431,-7.929672898624475],[110.94680862498141,-7.930239202589448],[110.94712069509956,-7.930921444993914],[110.94784752491672,-7.931197965062698],[110.94791001173994,-7.931206851069969],[110.94884640481173,-7.93177314637363],[110.94900248553486,-7.9319024511596155],[110.94914965257057,-7.9320362217835845],[110.94968029080475,-7.932165531706898],[110.95007267578643,-7.932250239034483],[110.95113395301945,-7.932566883960841],[110.95164667350397,-7.933418521445532],[110.95184295717311,-7.9335612476654305],[110.9522531701064,-7.93396701604235],[110.95278380933772,-7.934252376007165],[110.95284620539152,-7.934274675054727],[110.95318510878018,-7.934310338158399],[110.95337684481284,-7.93436837036473],[110.95351064164953,-7.934395086996316],[110.95387628635687,-7.934470912556433],[110.95403682441928,-7.934497640404331],[110.95459420541594,-7.934774145044919],[110.95487507893951,-7.934506607957193],[110.95516941406888,-7.934368311188886],[110.95558854156187,-7.934127572630262],[110.95568668362681,-7.934056168854992],[110.95586950620994,-7.932923627272441],[110.95584276499504,-7.932843314635788],[110.95586504934076,-7.93269174075854],[110.95589624742529,-7.93252229172754],[110.95594972985724,-7.932236872372701],[110.95603004446492,-7.931857909027386],[110.956145923079,-7.9311132318888005],[110.95619049177888,-7.930939323561221],[110.95622178082604,-7.9308055542156435],[110.95625743578745,-7.930658382760688],[110.95633320258302,-7.930364042978555],[110.95635994380581,-7.9302659568605725],[110.95639568972673,-7.930127721402217],[110.95639123285615,-7.930051970069559],[110.95634657319435,-7.929476701647586],[110.95627080639818,-7.92921358622709],[110.95615483681888,-7.92893712764387],[110.95612363872952,-7.928763269284433],[110.95631983197178,-7.928406493224108],[110.956382319115,-7.928295013174002],[110.9564669996578,-7.9281523399271885],[110.95648482714104,-7.928116670143928],[110.9565695986456,-7.927429966089301],[110.95658742612994,-7.9273096116268995],[110.95661416735682,-7.927108967730731],[110.95678361942684,-7.926796806604181],[110.95683710188732,-7.926658592350925],[110.9568816706057,-7.926622857643034],[110.95816588690238,-7.926908287618336],[110.95817034377772,-7.9269082896748415],[110.95832642537856,-7.9269439554080465],[110.95850479137499,-7.926881539319571],[110.95863413174739,-7.926756685898605],[110.95877238588369,-7.926538136627625],[110.95887043717939,-7.926426682646449],[110.95912911799081,-7.9263598303695835],[110.95943227667202,-7.926279516995374],[110.95971769884694,-7.9261680621982675],[110.95973106948539,-7.926168068359918],[110.95978900891991,-7.926145748385709],[110.959985202593,-7.926065464478537],[110.96029736614805,-7.925971821379834],[110.96042670665906,-7.925806904027065],[110.96059615911581,-7.9253475828571025],[110.96066301234421,-7.925258385510069],[110.96081018041285,-7.92517815922719],[110.96105985680113,-7.92515584536947],[110.96119365425436,-7.925200437932816],[110.96138984809191,-7.9252628576957465],[110.96152364557148,-7.925213831418992],[110.96155484376165,-7.925102350447938],[110.96169309813908,-7.924674228553129],[110.96253581338982,-7.923969728669795],[110.96270080917213,-7.923679857507227],[110.96268743851002,-7.923505948801021],[110.96267852473532,-7.923394531245449],[110.96266961096069,-7.923296364264113],[110.9628034085422,-7.922886131581673],[110.96283014986841,-7.922837141542299],[110.96288808940997,-7.922582904716985],[110.96292820140145,-7.922275267820133],[110.96307091278028,-7.922154903012895],[110.96330721883761,-7.921954219838288],[110.96342318891253,-7.921869516524562],[110.96349004225348,-7.921588553441267],[110.9635213314371,-7.921486013278619],[110.96359709856142,-7.9213700925219115],[110.96402959883832,-7.920848369147144],[110.96403405572926,-7.920848371276112],[110.96400285749309,-7.920705666162499],[110.9637175255464,-7.92058079800106],[110.96340090446614,-7.920451528683711],[110.9632626499482,-7.920277573283988],[110.96344993024859,-7.919983264290823],[110.96374872377731,-7.919675600008986],[110.96381112024083,-7.919430395483397],[110.96364166745971,-7.919408052283833],[110.96332513735062,-7.9193188405324335],[110.96322699483753,-7.919202922491031],[110.96320025350502,-7.9189755505649515],[110.96307091278028,-7.918895289194113],[110.96269635228475,-7.918877396119901],[110.96210331349704,-7.9188372905676445],[110.96182680468598,-7.918560804069537],[110.96146115823603,-7.91825761725192],[110.96103311550311,-7.917981132893554],[110.96132299483453,-7.917356901164966],[110.96138539120801,-7.917093749865663],[110.96163952456648,-7.916447250546055],[110.96187146449417,-7.9159700792576135],[110.96208102906813,-7.915528654288239],[110.96216125301355,-7.915113982454753],[110.96243330499297,-7.914694777935021],[110.96192940400266,-7.914529823512493],[110.96129616257552,-7.914485219715381],[110.96165289522025,-7.914190945503659],[110.9622148266028,-7.9140258860551125],[110.96323145172633,-7.91379403247597],[110.96488577689587,-7.913370428722459],[110.96510871252643,-7.913254519003096],[110.96557695930785,-7.913085028597765],[110.96589803769264,-7.912928950914852],[110.96649553471329,-7.912496449694993],[110.96678086712969,-7.912371638337278],[110.96703063536026,-7.912099588093111],[110.9672847695701,-7.911876618317131],[110.96744976581694,-7.911707221579226],[110.96773518935137,-7.9115065277188545],[110.96802052197674,-7.911386109348508],[110.96841736816577,-7.911323751614349],[110.96854670929993,-7.91121226754015],[110.96858682142583,-7.91080647483127],[110.96879638683367,-7.910427420048596],[110.96892127109291,-7.910052870251515],[110.96910409511612,-7.909722876720907],[110.96937605725672,-7.909290325711259],[110.96946082941112,-7.909192227124381],[110.96945191560069,-7.908964827159369],[110.9695276829908,-7.908733004844525],[110.96967039492685,-7.908621534313036],[110.96976853781399,-7.908474375614757],[110.96984430521823,-7.908278141884163],[110.96992898643872,-7.9081488533792665],[110.9700315862475,-7.908095288592357],[110.97022332420462,-7.907921452544395],[110.97029909162913,-7.907787614104412],[110.97035266547634,-7.907586977064037],[110.97045071744556,-7.907350626786709],[110.97058897255091,-7.907132165469362],[110.97062462781676,-7.907002853814571],[110.97059342945911,-7.906918105995133],[110.97040169146025,-7.906860161882755],[110.9702144103902,-7.9067888166373015],[110.97009398294276,-7.906632776263539],[110.97000038790074,-7.9064276003030205],[110.96980864996875,-7.906209129790677],[110.96956333823438,-7.906017363114538],[110.96924680701657,-7.905928232292742],[110.9689346418044,-7.905861290142794],[110.96868050734714,-7.9057765819320105],[110.96826574253089,-7.905714133412867],[110.96799823746969,-7.905602688793426],[110.96769052938791,-7.905598217496875],[110.9674943348169,-7.905491200946161],[110.96725357127384,-7.905419823194525],[110.96701280776503,-7.905455514845094],[110.96671401365835,-7.9055759101228285],[110.96647325022631,-7.905673994201222],[110.96625922820917,-7.905611565840182],[110.96603174457341,-7.905575941362658],[110.96588466700513,-7.9055937305273165],[110.96561707136335,-7.905812278908062],[110.96544316150604,-7.905785536417245],[110.96535848050983,-7.905709692704983],[110.96523805340762,-7.90567404424795],[110.96515782931559,-7.905647270720827],[110.9649570871882,-7.905477860511915],[110.9648322941786,-7.905295001557141],[110.96471186711395,-7.9050452897363925],[110.96455132802677,-7.904817894689155],[110.9643595907121,-7.9052191883108165],[110.96422579300688,-7.905210260223344],[110.96415448274549,-7.905232559043938],[110.96357481411275,-7.905442155780158],[110.96323145172633,-7.9055090672564425],[110.96302188700888,-7.905544696244482],[110.96299514567964,-7.905558084718096],[110.96294157206552,-7.905607127467583],[110.9622192834889,-7.90629385159402],[110.96204537398252,-7.9064588373681515],[110.96169309813908,-7.907207939010039],[110.9615860419524,-7.907386291399871],[110.9614477875838,-7.907537975412349],[110.96139876185977,-7.907662818368473],[110.96133190860203,-7.907827785911779],[110.96130962418337,-7.907885780056001],[110.9611579991876,-7.908081982404883],[110.96089931806269,-7.908273662532131],[110.96068083987223,-7.9083629077591455],[110.96046236171026,-7.908492209656512],[110.9603330211965,-7.908710689674709],[110.96030182302906,-7.908759743660063],[110.96020377164946,-7.908871236435914],[110.96008780179699,-7.908897985674307],[110.95994954755194,-7.908915786130431],[110.95973106948539,-7.9089380883743425],[110.95951704832628,-7.909049600219326],[110.95941890603595,-7.909134289382062],[110.95939662164275,-7.909343891212787],[110.95940107852138,-7.909441959528417],[110.95929411343785,-7.909522249870603],[110.95918705740448,-7.909531131599129],[110.95910683360147,-7.909562364668217],[110.95907554450021,-7.909593551400205],[110.95899532070254,-7.909629252772328],[110.95892401066342,-7.909691690296959],[110.9588481527935,-7.9097273205970575],[110.9587812996376,-7.909754092995153],[110.95869652802064,-7.909776391967967],[110.95860739048814,-7.909821025094202],[110.95851816200373,-7.909861116347683],[110.95851370512747,-7.909865582148211],[110.95846022261325,-7.909887893793957],[110.95842902448075,-7.909923544325467],[110.95841119697673,-7.9099770754877765],[110.95839336947289,-7.9100439331989465],[110.9583754510126,-7.9101866785098505],[110.95834870975749,-7.910240126583844],[110.95830414099991,-7.91034718462742],[110.95804555127286,-7.910463065710417],[110.95781806874977,-7.910529974174675],[110.95762187533111,-7.910587958587993],[110.95749708286728,-7.910623636126879],[110.95722503169021,-7.910641446366207],[110.95713143736374,-7.910677141254597],[110.95708232080968,-7.910703928965486],[110.95704666583059,-7.910712845880591],[110.9569976402356,-7.9107083502290445],[110.95695752838623,-7.910717264660335],[110.95692633028183,-7.91072171567458],[110.95689504122143,-7.910757371708199],[110.9568816706057,-7.9107931113326275],[110.95685492937453,-7.9108465603108105],[110.9568460156309,-7.910886692472245],[110.95684155875911,-7.9109223587440685],[110.9568192744003,-7.9109803571205966],[110.95681036065687,-7.911024957777387],[110.95681481752858,-7.911056160676664],[110.95683264501555,-7.911096307818366],[110.95680590378517,-7.911114166610297],[110.95679253317014,-7.911154296483494],[110.9567880762985,-7.91118102608867],[110.95678361942684,-7.911207755705781],[110.956770248812,-7.911230090371978],[110.95675242132572,-7.9112523441854625],[110.95673450288304,-7.91126574431267],[110.95665873606922,-7.911270170742107],[110.9566230810992,-7.911270229369278],[110.95659188300107,-7.911261275224352],[110.95656068490351,-7.911238994200044],[110.95652939584998,-7.911221186343035],[110.95649374088273,-7.911194434415566],[110.95647145652859,-7.911176548357951],[110.95644471530402,-7.911140864539577],[110.95637786224445,-7.91110523681636],[110.95633320258302,-7.911105216777213],[110.95630200449033,-7.911118604682591],[110.95627526326845,-7.911140853523364],[110.9562618926577,-7.911180983513243],[110.95625297891723,-7.911207789118545],[110.95624406517683,-7.911238984773526],[110.95623960830665,-7.911265714489985],[110.95623515143647,-7.911296991046059],[110.95623069456632,-7.911350453016881],[110.95623515143647,-7.911426262189527],[110.95623069456632,-7.91150206650301],[110.95622623769617,-7.9115556070375925],[110.95622623769617,-7.911600213175537],[110.95622623769617,-7.911604603236411],[110.95622623769617,-7.911631413971545],[110.9562128670858,-7.911667075841443],[110.95619949647553,-7.911693800811385],[110.95617712116879,-7.9117206040074795],[110.9561682074288,-7.911747331471977],[110.95615483681888,-7.911774056484876],[110.95614146620909,-7.911805328376455],[110.95611472498982,-7.911840982975076],[110.95609689751053,-7.911867705575129],[110.95607907003145,-7.911885569629203],[110.95604787194351,-7.911907816387295],[110.95603004446492,-7.911921211977222],[110.95598984168235,-7.911934600007036],[110.9559631004655,-7.911952459165067],[110.95591407490241,-7.912028239586135],[110.95591853177173,-7.912108518143703],[110.9559363592491,-7.912206599777673],[110.95595418672666,-7.912344819727559],[110.95597201420439,-7.912447370178807],[110.95595418672666,-7.91251430978501],[110.95594081611847,-7.912563377811392],[110.95591853177173,-7.912590098341372],[110.95589624742529,-7.912625755949228],[110.95580701908598,-7.912688192853946],[110.95579364847899,-7.912692654052475],[110.95561082590417,-7.912835316783338],[110.95548603359104,-7.912942336916061],[110.95539680527375,-7.913067255909428],[110.95527192202017,-7.913201014484256],[110.95518278467087,-7.913299117862071],[110.95506681516743,-7.913339198151067],[110.9549196476053,-7.913334732135103],[110.95474137294924,-7.913307979546842],[110.95458083481871,-7.913276772753551],[110.9544648653573,-7.913227715917281],[110.95433552530871,-7.9132188691291745],[110.95421518995609,-7.913223271484603],[110.95412596170708,-7.913232242756955],[110.95409030679137,-7.913272362280426],[110.95407693619819,-7.913325821586082],[110.95409922052023,-7.913401643700846],[110.95414378916522,-7.913486415393036],[110.95417053035278,-7.913539896900063],[110.95433106844364,-7.9136558511521065],[110.95438464178166,-7.913695936665128],[110.95452726147435,-7.913731607042695],[110.95461648974495,-7.913758384465617],[110.95466551526977,-7.9138074094951145],[110.9546744290017,-7.9138742872145675],[110.95463431720835,-7.913972418819813],[110.95461203287913,-7.9140170148199465],[110.95458974855019,-7.914150748924553],[110.95455400266809,-7.914213217228899],[110.95452726147435,-7.914262279684481],[110.95450497714656,-7.9143024072551915],[110.95449606341553,-7.914315808444168],[110.95446040849188,-7.914378193809948],[110.9543533527691,-7.914409421223435],[110.95434889590399,-7.914413887489737],[110.95433552530871,-7.914418348910614],[110.95424638800965,-7.914409441452315],[110.95415270289435,-7.914382661514646],[110.9541304185716,-7.9143781806891464],[110.95409922052023,-7.914369304711889],[110.95405019501214,-7.9143603406186385],[110.95398770795661,-7.914311312534954],[110.9539342255878,-7.914262284555219],[110.95388965694845,-7.914204324066706],[110.95382716989896,-7.914128483859564],[110.9537603169447,-7.914025902804087],[110.9537380326272,-7.914012562961749],[110.95372466203686,-7.914008086959035],[110.95370683458323,-7.913994749555138],[110.95368900712978,-7.913994739785719],[110.95366226594997,-7.914003662488163],[110.95360423577216,-7.9140214318072974],[110.95347498674707,-7.914097250232628],[110.95340358598803,-7.914181964299986],[110.95333227618846,-7.914284548600734],[110.95329216442757,-7.914347010174149],[110.95323859112483,-7.9144227970194025],[110.95317619505624,-7.914489636914851],[110.95306913941634,-7.914565473159345],[110.95301565707719,-7.91460558412838],[110.95297554532392,-7.914618968411381],[110.9529443472943,-7.9146323575715085],[110.9528774034193,-7.914654669475609],[110.95284174853046,-7.914676993699672],[110.95264109883867,-7.914708169987312],[110.95246719033128,-7.914699220463912],[110.95228882498257,-7.914694815546998],[110.9521461145262,-7.914739351312751],[110.95210154593495,-7.914801811242103],[110.95206589106282,-7.9148598073635945],[110.95203914990921,-7.914904402095593],[110.95201677465859,-7.914966800798618],[110.95202132247373,-7.915042611078786],[110.95202577933259,-7.915113957395983],[110.95202577933259,-7.915167426154546],[110.95202577933259,-7.915292317423718],[110.95200786094094,-7.915385922257222],[110.95199003350578,-7.915426053470779],[110.9519677492121,-7.9155419954631485],[110.9519677492121,-7.915555401938658],[110.95195437863605,-7.915573269964501],[110.95192763748426,-7.9155865834891515],[110.95188752575739,-7.915582171219553],[110.95181166820852,-7.915559868947901],[110.95166013503382,-7.915515254815898],[110.95150851091674,-7.91547958298103],[110.9514460239571,-7.915461756705345],[110.95136134367063,-7.915448382305178],[110.9512765724322,-7.9154171372853765],[110.9511874352978,-7.91546624569659],[110.95111157778108,-7.9154929436176795],[110.9509867858067,-7.91552415720648],[110.95087527345275,-7.915564320588495],[110.95080396376216,-7.915649033026796],[110.95077722262899,-7.915693628617353],[110.95075039054,-7.915787308169719],[110.95076385206255,-7.915987939839506],[110.95074147682918,-7.916050340049422],[110.950714735697,-7.916135077626906],[110.950714735697,-7.916197485394525],[110.950714735697,-7.916237627104865],[110.9507013651311,-7.9162866993740835],[110.95067016714437,-7.9163134174395084],[110.9506478828685,-7.916335749862944],[110.95060777117268,-7.916344665859331],[110.95054528424714,-7.916344636648568],[110.95048734513487,-7.9163312767590215],[110.95042049231557,-7.916326849827539],[110.95034909168842,-7.916322346798381],[110.95030897999986,-7.916308996578337],[110.95022875662568,-7.916286686629315],[110.95016181286066,-7.916264388698997],[110.9500370209581,-7.9162064597883965],[110.94991659496195,-7.916175194691231],[110.94985865587178,-7.916157365702033],[110.94980508268031,-7.916166279005433],[110.949764971005,-7.916157397594493],[110.94969366136239,-7.916112747707039],[110.94963117447146,-7.916077123679623],[110.94959106280038,-7.916045897635045],[110.94955986483465,-7.916014676481991],[110.9495197531653,-7.915992388263452],[110.94947509368878,-7.9159790401701375],[110.94942606831778,-7.915912136283535],[110.94938595665168,-7.915885379129618],[110.94934584498657,-7.915854153057452],[110.94929672866327,-7.915836333552064],[110.94923433274354,-7.915885378824187],[110.94920313478457,-7.915938910261135],[110.94918085052852,-7.915983508814614],[110.94917193682619,-7.916014707984754],[110.94914073886841,-7.916094974750505],[110.9491272773591,-7.916206460362678],[110.94912282050807,-7.916322336864714],[110.94914519571948,-7.916580995006392],[110.94916747997503,-7.916705824716318],[110.94917639367735,-7.916737034001221],[110.94921650533834,-7.916933299031501],[110.94932801758016,-7.917049156669044],[110.94939932720693,-7.917116073538854],[110.94946617998485,-7.917174049992351],[110.94962226076669,-7.917298869800023],[110.94970257506755,-7.917339051104766],[110.94978279841611,-7.91737022072101],[110.94984073750364,-7.9174103946668035],[110.94988985384316,-7.917463887644916],[110.94991659496195,-7.917539718397799],[110.94989876754937,-7.917611056168442],[110.94986756957782,-7.9176913248641725],[110.94977388471054,-7.917869648314241],[110.94971594562537,-7.917945512389984],[110.94971148877275,-7.917949900630288],[110.94967583395221,-7.917954428897732],[110.94964008817628,-7.917954414466191],[110.94958660594811,-7.918007935847224],[110.94955540798244,-7.918061390873664],[110.94951529631322,-7.918132795805835],[110.9494706368368,-7.918190717600365],[110.94940378405872,-7.91822643421247],[110.94929672866327,-7.918253195909415],[110.94913628201734,-7.918253188045047],[110.94892217126814,-7.918226424721893],[110.94885086166202,-7.918190712054461],[110.9488018363096,-7.918146151633117],[110.94876609055262,-7.918079257803535],[110.9486724967041,-7.9180658784211735],[110.94848076121761,-7.918043590960156],[110.94837816273116,-7.918030211387185],[110.94827565520723,-7.918007888853315],[110.94819534097597,-7.9180881368706615],[110.94811511770473,-7.918155051401909],[110.94809283346342,-7.918199651906902],[110.94808391976697,-7.918226383279185],[110.94805717867793,-7.918297717665519],[110.94798577815321,-7.918342374934168],[110.94792783913098,-7.918400285272499],[110.9478519817643,-7.918431532880592],[110.94771827634233,-7.918471682670053],[110.9476379621383,-7.918485051396419],[110.94751317042704,-7.918507329504112],[110.94742839938662,-7.918525164942686],[110.94737937407659,-7.918534076664897],[110.9473749172303,-7.9185385433905555],[110.94724557773704,-7.918560823822051],[110.94712960879077,-7.918592049791543],[110.94704938557156,-7.9186366194165005],[110.94698253289188,-7.91871687122026],[110.94687547765403,-7.918873003715666],[110.94690221872384,-7.918957697338125],[110.94684873658466,-7.919055755253142],[110.94679070664651,-7.919158363309419],[110.94669711291046,-7.919225272360332],[110.94655440293836,-7.919367901214282],[110.94641614982235,-7.919452668211029],[110.94632255610767,-7.919515108513305],[110.94619321669734,-7.919622070023123],[110.94613973458128,-7.919622119588281],[110.94607279098268,-7.91963549601105],[110.9460059383428,-7.919675604770988],[110.94595245623285,-7.919724659293678],[110.94590788780921,-7.919791517311891],[110.94586768527303,-7.9198450531886495],[110.9458543147465,-7.919853984514023],[110.9457919189575,-7.9199609781664755],[110.94567149327231,-7.920112638486421],[110.94557789960014,-7.920170532097905],[110.94546193077178,-7.920215167472446],[110.94529247986323,-7.920286511545596],[110.94515868369392,-7.920335528353125],[110.94507846057112,-7.9203623010668265],[110.94493575073996,-7.920344508522097],[110.94480641143912,-7.9203756504596425],[110.94478858408198,-7.9203712499281345],[110.94457010801712,-7.920531719376854],[110.94456119433981,-7.92053618391587],[110.94448988492319,-7.920594168582124],[110.94448988492319,-7.920661052044164],[110.94460576272678,-7.92078147338843],[110.94465487890976,-7.920848378571969],[110.9447128178164,-7.921022244531545],[110.94476629988586,-7.921124833575419],[110.9444765144079,-7.921387906981581],[110.94445868705438,-7.9213968362598015],[110.94432934779124,-7.921468204046222],[110.94424012007768,-7.921454752900305],[110.94408849664492,-7.921481571489141],[110.94384773648997,-7.921378964298009],[110.94345089616084,-7.921419142448893],[110.94300493979328,-7.921423543122235],[110.94295145778145,-7.921459269861839],[110.94255907450335,-7.9216286721355],[110.94252341983834,-7.921628731326685],[110.94229593945572,-7.921633166093569],[110.94214886399132,-7.921695580979713],[110.94185453119086,-7.921815951044009],[110.94162714185732,-7.921860527996969],[110.94124812938671,-7.922025547966068],[110.94084674190606,-7.922114735853913],[110.94049892740966,-7.922212808719164],[110.94031164970822,-7.922266346733462],[110.93969187800315,-7.922400112042962],[110.93878668793663,-7.92264986330208],[110.93847452845682,-7.922725608168939],[110.93872420146252,-7.923657626057826]]]},"id":"0005000000000000181c","properties":{"FCODE":"BA03070040","KDBBPS":"3312","KDCBPS":"3312080","KDCPUM":"33.12.06","KDEBPS":"3312080001","KDEPUM":"33.12.06.1004","KDPBPS":"33","KDPKAB":"33.12","KDPPUM":"33","LUAS":4.44596446,"LUASWH":0.0,"METADATA":"TASWIL1000020221227_DATA_BATAS_DESAKELURAHAN","NAMOBJ":"Kedungrejo","OBJECTID":17736,"REMARK":"Wilayah Administrasi Kelurahan/Desa","SRS_ID":"SRGI 2013","TIPADM":2,"UUPP":"Hasil Delineasi Batas Desa 2017","WADMKC":"Nguntoronadi","WADMKD":"Kedungrejo","WADMKK":"Wonogiri","WADMPR":"Jawa Tengah","WIADKC":"","WIADKD":"","WIADKK":"","WIADPR":""}},{"type":"Feature","geometry":{"type":"Polygon","coordinates":[[[110.96093952096344,-7.899221735422781],[110.96128279192457,-7.899556140927406],[110.96155484376165,-7.899863850186097],[110.96164843833566,-7.899957489861792],[110.96198288662768,-7.899935187325152],[110.96226385235065,-7.899961916781648],[110.96236636073716,-7.899970835047446],[110.96263395586259,-7.900086749754912],[110.96293711517747,-7.900202690147758],[110.96285689119503,-7.901085650949098],[110.96295057679849,-7.901589521669189],[110.96305754211521,-7.902316320731042],[110.96325373617047,-7.902673060544616],[110.96350796076844,-7.9030743504566106],[110.96369078420611,-7.903310691330494],[110.96409654316031,-7.903591598018173],[110.96427490977032,-7.903872535480294],[110.96438633206303,-7.904376436127332],[110.96455132802677,-7.904817894689155],[110.96471186711395,-7.9050452897363925],[110.9648322941786,-7.905295001557141],[110.9649570871882,-7.905477860511915],[110.96515782931559,-7.905647270720827],[110.96523805340762,-7.90567404424795],[110.96535848050983,-7.905709692704983],[110.96544316150604,-7.905785536417245],[110.96561707136335,-7.905812278908062],[110.96588466700513,-7.9055937305273165],[110.96603174457341,-7.905575941362658],[110.96625922820917,-7.905611565840182],[110.96647325022631,-7.905673994201222],[110.96671401365835,-7.9055759101228285],[110.96701280776503,-7.905455514845094],[110.96725357127384,-7.905419823194525],[110.9674943348169,-7.905491200946161],[110.96769052938791,-7.905598217496875],[110.96799823746969,-7.905602688793426],[110.96826574253089,-7.905714133412867],[110.96868050734714,-7.9057765819320105],[110.9689346418044,-7.905861290142794],[110.96924680701657,-7.905928232292742],[110.96956333823438,-7.906017363114538],[110.96980864996875,-7.906209129790677],[110.97000038790074,-7.9064276003030205],[110.97009398294276,-7.906632776263539],[110.9702144103902,-7.9067888166373015],[110.97040169146025,-7.906860161882755],[110.97059342945911,-7.906918105995133],[110.97062462781676,-7.907002853814571],[110.97058897255091,-7.907132165469362],[110.97045071744556,-7.907350626786709],[110.97035266547634,-7.907586977064037],[110.97029909162913,-7.907787614104412],[110.97022332420462,-7.907921452544395],[110.9700315862475,-7.908095288592357],[110.96992898643872,-7.9081488533792665],[110.96984430521823,-7.908278141884163],[110.96976853781399,-7.908474375614757],[110.96967039492685,-7.908621534313036],[110.9695276829908,-7.908733004844525],[110.96945191560069,-7.908964827159369],[110.96946082941112,-7.909192227124381],[110.96937605725672,-7.909290325711259],[110.96910409511612,-7.909722876720907],[110.96892127109291,-7.910052870251515],[110.96879638683367,-7.910427420048596],[110.96858682142583,-7.91080647483127],[110.96854670929993,-7.91121226754015],[110.96841736816577,-7.911323751614349],[110.96802052197674,-7.911386109348508],[110.96773518935137,-7.9115065277188545],[110.96744976581694,-7.911707221579226],[110.9672847695701,-7.911876618317131],[110.96703063536026,-7.912099588093111],[110.96678086712969,-7.912371638337278],[110.96649553471329,-7.912496449694993],[110.96655347438082,-7.9127773530939605],[110.9665668450736,-7.912839837430564],[110.96661141405032,-7.913165339723355],[110.96665607398532,-7.913468575481979],[110.9667674964352,-7.913776241199743],[110.9668923805449,-7.914025899789575],[110.96696814782061,-7.914217685370345],[110.9671376009357,-7.9144094354070615],[110.96719563158234,-7.914453986757258],[110.96739628301852,-7.914592210464854],[110.96764596038277,-7.914476310471298],[110.9677217276922,-7.914440601707087],[110.96793138395027,-7.914271213963968],[110.96793584085147,-7.914271137813409],[110.96800269437107,-7.914302371386205],[110.96825682872675,-7.914391547295106],[110.96868496425031,-7.9146680000552365],[110.9687607316062,-7.914721579541369],[110.96907289678639,-7.914957841992278],[110.9695232260854,-7.915368124880118],[110.96992898643872,-7.915751575493051],[110.97015201369052,-7.915947813366582],[110.97040614836794,-7.916094918676213],[110.97073614148462,-7.916175186412187],[110.97107059157473,-7.916157386439402],[110.97140049386284,-7.916054846546951],[110.9717438579058,-7.915858629996485],[110.97195788061447,-7.9156400935689],[110.9721719943074,-7.915345827497615],[110.9723993878085,-7.914931087969516],[110.97256884146523,-7.914610078313195],[110.97263123825343,-7.91448970146425],[110.97268026430291,-7.914400517562764],[110.97280960576113,-7.914244423386],[110.97302808551807,-7.914150771282432],[110.97336699297315,-7.914057173323124],[110.97363004196208,-7.913981337654917],[110.97378166807472,-7.913972391949164],[110.97394220803467,-7.914052657093272],[110.97415177410139,-7.914289018461204],[110.97429448642453,-7.914507474981906],[110.97433905560374,-7.914636838948615],[110.97434796943972,-7.914801774855069],[110.97441045725039,-7.914931143058747],[110.9746021956997,-7.915020280854246],[110.97475818786003,-7.9150916901048385],[110.97505698337883,-7.915203136432601],[110.97519969577743,-7.915314591420316],[110.9752175234584,-7.915381466468913],[110.97509709565792,-7.9155063678892095],[110.97491427099212,-7.915595494110137],[110.9746021956997,-7.9156356435324575],[110.9744683971875,-7.915649067959716],[110.97423208957558,-7.915662443602213],[110.97405817883663,-7.915724843098915],[110.97401806658189,-7.915778364993129],[110.97413394643151,-7.9159210132723],[110.9746021956997,-7.916099403389148],[110.9746957909942,-7.916135115485914],[110.97531557570703,-7.916273282347868],[110.97560545748046,-7.9164025967495],[110.97571251455194,-7.916465041163419],[110.97608707791836,-7.916612189102467],[110.97611381945373,-7.916621138100743],[110.9761985009851,-7.916661235219749],[110.97635458424831,-7.916808442757612],[110.97648392598418,-7.917009100773371],[110.97689414491555,-7.9176199495588495],[110.97709479749282,-7.917767099335973],[110.97741587804825,-7.917927625417622],[110.97758087527485,-7.917963285271192],[110.97789295110888,-7.917802796995792],[110.97808914687499,-7.91764225692757],[110.9781382640383,-7.917454997844408],[110.9782274025975,-7.91722307962461],[110.97846816768813,-7.916951090822846],[110.97865099273221,-7.9168708192922175],[110.9787981623589,-7.91695107459233],[110.97894978892812,-7.917111603434549],[110.97911478630172,-7.917258811985038],[110.97947597961516,-7.917361343106608],[110.97976131420005,-7.917584252036331],[110.98015370617995,-7.917999025682779],[110.98040793329847,-7.918262051875758],[110.98043467490092,-7.918373535779231],[110.98044804570233,-7.918574223234213],[110.98040347636474,-7.918690144542529],[110.980167167937,-7.919118221670302],[110.98009130911831,-7.9193188774145336],[110.98006456752115,-7.919564155954861],[110.98004673978994,-7.920050184577184],[110.98005565365553,-7.920103652653571],[110.98061750015343,-7.920112582585672],[110.98105000474568,-7.919876248237809],[110.98142456927282,-7.919769237513209],[110.98192401908776,-7.9197202075463435],[110.98214695694097,-7.91955520516427],[110.98225847135728,-7.919474975200553],[110.98261075144882,-7.919202942232856],[110.9828693449104,-7.918944280330589],[110.98297185453457,-7.918846179436549],[110.98326619453617,-7.918551941201798],[110.98373444628564,-7.918056941697378],[110.98407326488939,-7.917655653911322],[110.9843274925831,-7.917339065628791],[110.98438988979733,-7.917263213096211],[110.98466631130249,-7.916839643083701],[110.98492053908295,-7.916384785956343],[110.98500076410043,-7.916188619359963],[110.98512564953754,-7.91598345395572],[110.9852416210913,-7.915854163135072],[110.98539761421307,-7.915711491178014],[110.98554924135998,-7.915577670545098],[110.98526836276834,-7.915283370262158],[110.98521033151054,-7.915207629036964],[110.98504087661057,-7.9149801628319345],[110.9848268522758,-7.914717090134111],[110.98469760087346,-7.91445844063829],[110.98463511269013,-7.914195358796012],[110.98455043074512,-7.913967927691676],[110.98449249046935,-7.913825242350975],[110.9840197815725,-7.913174220450207],[110.98382358513336,-7.9128041656613854],[110.98376118793948,-7.91262573700656],[110.98364967342653,-7.9123805085580825],[110.98359173318077,-7.912219953966317],[110.98350250338696,-7.911707218684697],[110.98368087202118,-7.911337100968445],[110.98424271969505,-7.910757410812218],[110.98441217451725,-7.9105344156839035],[110.98449249046935,-7.91043192773923],[110.98455043074512,-7.910298082259287],[110.98453705991209,-7.910115294316027],[110.98443000229338,-7.909905739571768],[110.98443891618152,-7.909611429631585],[110.98437651896552,-7.908929191234932],[110.98427391830036,-7.908304865569337],[110.98422934886436,-7.908050743942984],[110.98418477942951,-7.907818882245083],[110.98406435100311,-7.907118766752515],[110.98395738437155,-7.90665950809798],[110.98394847048588,-7.9062938812106305],[110.98396629825727,-7.90586580482336],[110.98401086768651,-7.9054822614086016],[110.98410455444967,-7.904907037915397],[110.98413575305251,-7.90459050291136],[110.98420260720333,-7.904358630548419],[110.98414912388246,-7.9042337550873345],[110.98414912388246,-7.904068780230987],[110.98422489192083,-7.903903766184391],[110.98431412175178,-7.903832409728159],[110.98438097590945,-7.903801173365284],[110.98443000229338,-7.903796731229478],[110.98477782588068,-7.903770017762477],[110.98529956139204,-7.903613917662776],[110.98560718167096,-7.903609445687931],[110.98577663662606,-7.903529196378272],[110.98579000746861,-7.903457885250034],[110.98575880883612,-7.903355281365603],[110.98562510041745,-7.90320372164768],[110.98522815929486,-7.902846944515355],[110.98496956548207,-7.902588349205022],[110.98503196271935,-7.902360950252411],[110.98535750169471,-7.902133522351972],[110.98565629904755,-7.901892680678209],[110.98575435188866,-7.901411152669855],[110.98622260430804,-7.900987486819508],[110.98626717379507,-7.9003498309581435],[110.98620031956496,-7.899315352826544],[110.98606206320602,-7.898695565874696],[110.98596837633747,-7.898530560965358],[110.98583912485037,-7.898454712143036],[110.98556261220081,-7.8983834170904],[110.9855046718913,-7.89825854973119],[110.98548684410417,-7.898062313512897],[110.98561172957615,-7.897478167078239],[110.98584803874571,-7.897063509754337],[110.98593272075387,-7.8967781556723216],[110.98565184210035,-7.896546286125333],[110.98549130105094,-7.896408048293672],[110.98570978241474,-7.895908600689817],[110.98525944887594,-7.895814952943435],[110.98510782175427,-7.895516234165486],[110.9851702189965,-7.895110431745105],[110.98513902037512,-7.894887475253226],[110.98497402242752,-7.89466899406411],[110.98479565366056,-7.894566401910325],[110.98447902867869,-7.894490614381598],[110.98431857869554,-7.894388027094196],[110.9842115210903,-7.894098191510777],[110.98419815025984,-7.893839592881992],[110.98406435100311,-7.893728092559056],[110.9835783623551,-7.893545244248048],[110.98323053900799,-7.893308953789266],[110.98307891206338,-7.893086014116978],[110.98303879959855,-7.89287637724346],[110.9830922828852,-7.892537501405111],[110.98317259877624,-7.892327931253552],[110.98346684785392,-7.8921585277133035],[110.98380130042099,-7.892091636803952],[110.98406435100311,-7.892078228333244],[110.98437651896552,-7.891962271947396],[110.98451923213486,-7.89177946137739],[110.98474217032145,-7.891841880389532],[110.98503641966495,-7.8916991990234475],[110.98519250372642,-7.891387107583994],[110.98533521696268,-7.89119536682051],[110.98573206715156,-7.890860925310254],[110.98616011606998,-7.890856462664722],[110.98620031956496,-7.890695929108144],[110.98629391548785,-7.8906067357991665],[110.98612000353405,-7.890477430446014],[110.98612000353405,-7.890285693626344],[110.98628500159022,-7.890044920012123],[110.9858836943276,-7.890419470906395],[110.98569641157279,-7.890664699907058],[110.98539315726654,-7.890936665627603],[110.98496065159122,-7.891097212303506],[110.98481793838567,-7.890865353580238],[110.98475554115609,-7.890432787675381],[110.98483576616597,-7.890147460921035],[110.9847377133766,-7.890027048259834],[110.98449694741356,-7.890147423173809],[110.98430520786428,-7.890352530790465],[110.98424271969505,-7.89053091721505],[110.9840197815725,-7.890602252626235],[110.98386815455895,-7.890379321002193],[110.9838102143059,-7.889986876679143],[110.98377010182418,-7.889621242733296],[110.98344010620461,-7.88958117292974],[110.98318596959878,-7.8897149373514965],[110.9828960865509,-7.89033920036142],[110.98256163415832,-7.890299049389272],[110.98236989482284,-7.890553210677476],[110.98216032775558,-7.890976851661259],[110.98203544253181,-7.891297896038062],[110.98176347838303,-7.891311296455035],[110.98094749523527,-7.891257783700302],[110.9806665264309,-7.891110624596162],[110.98031424673523,-7.890834130120234],[110.97993076858377,-7.890615680494391],[110.97948043654647,-7.890388257004637],[110.97892304734866,-7.890267810713044],[110.97833891676072,-7.890624555008262],[110.97800892217795,-7.890918841495848],[110.97767447073181,-7.891119486512422],[110.97683174797199,-7.891057090621198],[110.97620741483075,-7.890789519651762],[110.97594882236805,-7.890495278864536],[110.9755608882683,-7.890013682544544],[110.97552077597835,-7.8899690709002845],[110.9752086096179,-7.889648003363324],[110.97485633103992,-7.8893359223190345],[110.97440154341407,-7.8889657909844795],[110.97392438036698,-7.888675968090817],[110.97375938349224,-7.888573375068954],[110.97352753289415,-7.888542125004462],[110.97345167436869,-7.888537693792],[110.97323765147269,-7.8885287871280605],[110.97320645306722,-7.888524300918154],[110.97309503019521,-7.888502054725689],[110.97236373250551,-7.888439627854995],[110.97220319269395,-7.888426209464941],[110.97176614246199,-7.888328152520692],[110.97147189538661,-7.888265673389468],[110.97132918329943,-7.888261277167397],[110.97116418667561,-7.888314774695734],[110.97107504848417,-7.888412824618189],[110.97104821607032,-7.88846186579609],[110.97086093492909,-7.888461907556415],[110.97054886037775,-7.888430681794522],[110.9702589794628,-7.888479715976092],[110.96989778809383,-7.888582303180423],[110.96980864996875,-7.8883325882539665],[110.96975061923268,-7.888167606547539],[110.96970159326756,-7.887998159606529],[110.96964811039814,-7.887913417529951],[110.96966593802108,-7.887619108480799],[110.96966593802108,-7.887382775324283],[110.96969267945587,-7.887039421586723],[110.96974170542074,-7.886535605587942],[110.96975962400195,-7.886379522303664],[110.96989333118746,-7.886227908172202],[110.97043288981438,-7.886120896582666],[110.9706647399917,-7.886062901977279],[110.97064245544995,-7.885889011930943],[110.97053548965357,-7.885804237423503],[110.97022778111184,-7.885670523937783],[110.96982647759339,-7.885630385453498],[110.96984430521823,-7.885304822449433],[110.96984430521823,-7.885090829414879],[110.96980419306261,-7.884805427578565],[110.96968376564423,-7.884573573906284],[110.9695276829908,-7.884426399959507],[110.96927354844476,-7.884341688775975],[110.96908181059483,-7.884199035395488],[110.96882312825475,-7.883815553803751],[110.96885441753712,-7.883708536038595],[110.96892572799673,-7.883498904508495],[110.96893018490056,-7.8834008065707595],[110.96881421444768,-7.883316109403539],[110.96794029775269,-7.883213518487904],[110.96738736921894,-7.882945964650679],[110.9669235788345,-7.882727520777649],[110.96607640449308,-7.882785491093205],[110.9657731536564,-7.882901416097125],[110.96545653219006,-7.883155553097491],[110.96524696719587,-7.8835123296169956],[110.96506414358937,-7.883877981434195],[110.96505077290848,-7.884230190658388],[110.965117626314,-7.884618187724662],[110.96539413566562,-7.884805407324855],[110.96579098123857,-7.884943655401072],[110.96631271097165,-7.885099769270775],[110.96664270329183,-7.885313743329605],[110.96688792364644,-7.88550548957102],[110.96706629055133,-7.885750788535262],[110.9672090022802,-7.886089624968332],[110.96734270926464,-7.886433006199681],[110.96757464997698,-7.886829885261243],[110.96772172769221,-7.887324826599991],[110.96771727079155,-7.887708320856409],[110.96764596038277,-7.888243403227201],[110.96756127927623,-7.88872942688966],[110.9675344469179,-7.889188774983047],[110.96764150348231,-7.889500880194873],[110.96782432736752,-7.889875412286219],[110.9679937805683,-7.89025448215852],[110.96820334590285,-7.890553255689776],[110.96843073887328,-7.890749383894123],[110.96863139045571,-7.890749427930693],[110.96884104682627,-7.890851972894858],[110.96907289678639,-7.890981258609125],[110.96931811749268,-7.891061574893104],[110.96927354844476,-7.8913692051469955],[110.96915757796842,-7.891873101409655],[110.96902387084081,-7.892203092767917],[110.96882758515832,-7.892648960319888],[110.96859127832877,-7.8931172149997275],[110.96827920419437,-7.893491778029402],[110.96826574253089,-7.893509642268411],[110.96786443947632,-7.8939020261317845],[110.96778421525968,-7.893986692527884],[110.96762813278103,-7.8941561900436445],[110.96757910687725,-7.894205218476836],[110.96726248507271,-7.8945173325067595],[110.96695923402328,-7.894744739577751],[110.96661141405032,-7.895012324241394],[110.96645096573963,-7.895101488919612],[110.96629042648708,-7.895163934276773],[110.96613434414623,-7.895230849585554],[110.96588912390095,-7.895324434460797],[110.96553684725332,-7.895418115079225],[110.96550110113748,-7.8954359664011236],[110.96536739429871,-7.895507279927233],[110.96526925166667,-7.895649938143387],[110.96511316942022,-7.8960736019782125],[110.96482783728557,-7.896073588120063],[110.96477426361312,-7.896078027161811],[110.96464947061706,-7.896091430348992],[110.9642303408553,-7.896127076165287],[110.96393154724112,-7.896091398660968],[110.96358818478193,-7.896037902639419],[110.96347221469563,-7.8960334467530044],[110.96344547335922,-7.896033430184999],[110.96335187868513,-7.896033450552346],[110.96294611991044,-7.8962207546559435],[110.9624511325398,-7.896546259940192],[110.96240210678646,-7.896586356850555],[110.9619828866277,-7.896934170313646],[110.96194277465877,-7.896965416820272],[110.9617599514112,-7.897108106684038],[110.96172429633239,-7.8971392777058975],[110.96151473180295,-7.897130374832097],[110.96169309813908,-7.897295380814801],[110.96179560649075,-7.897594130968895],[110.96177332206595,-7.897875092599737],[110.961559300646,-7.898209473459392],[110.96128279192457,-7.898271935908118],[110.96097517602556,-7.898838257786831],[110.96092605935856,-7.898914023099707],[110.9608859474149,-7.898985400114541],[110.96079680976577,-7.899128070638127],[110.96093952096344,-7.899221735422781]]]},"id":"00050000000000001682","properties":{"FCODE":"BA03070040","KDBBPS":"3312","KDCBPS":"3312080","KDCPUM":"33.12.06","KDEBPS":"3312080005","KDEPUM":"33.12.06.1008","KDPBPS":"33","KDPKAB":"33.12","KDPPUM":"33","LUAS":6.29194247,"LUASWH":0.0,"METADATA":"TASWIL1000020221227_DATA_BATAS_DESAKELURAHAN","NAMOBJ":"Beji","OBJECTID":17162,"REMARK":"Wilayah Administrasi Kelurahan/Desa","SRS_ID":"SRGI 2013","TIPADM":2,"UUPP":"Hasil Delineasi Batas Desa 2017","WADMKC":"Nguntoronadi","WADMKD":"Beji","WADMKK":"Wonogiri","WADMPR":"Jawa Tengah","WIADKC":"","WIADKD":"","WIADKK":"","WIADPR":""}},{"type":"Feature","geometry":{"type":"Polygon","coordinates":[[[110.92705919248363,-7.909593609911454],[110.92721081431733,-7.90970950774861],[110.92734015220965,-7.909803124066399],[110.929092581633,-7.91106064800737],[110.92929322842127,-7.911225579536176],[110.92956973174283,-7.911430698093292],[110.93084946977727,-7.9124964595775795],[110.93086729698099,-7.912509799801772],[110.93164760115822,-7.913575577598441],[110.93170563055502,-7.913660288376508],[110.93247256472341,-7.914681449990446],[110.93272232775622,-7.914757256131282],[110.93310579503724,-7.914891008140268],[110.9333420967896,-7.914993547264339],[110.93349817602613,-7.915069378943218],[110.93361860080871,-7.915127311960414],[110.93383707539951,-7.915220979620591],[110.93430076553261,-7.91550187116189],[110.93447467210576,-7.915613388509386],[110.93472889226082,-7.915880903083827],[110.93483594669948,-7.915983441885098],[110.93503213739267,-7.916166324005392],[110.93535757569296,-7.916509628541417],[110.93558951191682,-7.9167058564240795],[110.93561625280125,-7.916732609635983],[110.93591058446995,-7.917004617266689],[110.93599526395566,-7.917084879507304],[110.93607548663041,-7.917138401553019],[110.9366507797378,-7.917628854888333],[110.93677111380022,-7.917744814111],[110.93699859340906,-7.917949899162717],[110.9371144706791,-7.918039118008819],[110.93721706845733,-7.918186269384159],[110.93727055028046,-7.918257653287278],[110.93745782763084,-7.918520665324648],[110.93746674126925,-7.9185563471367155],[110.93776998691482,-7.919421459794287],[110.93777444373484,-7.919425931758859],[110.9378323823966,-7.9195998024760295],[110.9378279255764,-7.9205228657252515],[110.93781009829567,-7.921271934742887],[110.93781009829567,-7.921423586422516],[110.93781901193601,-7.921735678098347],[110.93784129603705,-7.921985439231314],[110.93785475745335,-7.922007711492738],[110.93847452845682,-7.922725608168939],[110.93878668793663,-7.92264986330208],[110.93969187800315,-7.922400112042962],[110.94031164970822,-7.922266346733462],[110.94049892740966,-7.922212808719164],[110.94084674190606,-7.922114735853913],[110.94124812938671,-7.922025547966068],[110.94162714185732,-7.921860527996969],[110.94185453119086,-7.921815951044009],[110.94214886399132,-7.921695580979713],[110.94229593945572,-7.921633166093569],[110.94252341983834,-7.921628731326685],[110.94255907450335,-7.9216286721355],[110.94295145778145,-7.921459269861839],[110.94300493979328,-7.921423543122235],[110.94345089616084,-7.921419142448893],[110.94384773648997,-7.921378964298009],[110.94408849664492,-7.921481571489141],[110.94424012007768,-7.921454752900305],[110.94432934779124,-7.921468204046222],[110.94445868705438,-7.9213968362598015],[110.9444765144079,-7.921387906981581],[110.94476629988586,-7.921124833575419],[110.9447128178164,-7.921022244531545],[110.94465487890976,-7.920848378571969],[110.94460576272678,-7.92078147338843],[110.94448988492319,-7.920661052044164],[110.94448988492319,-7.920594168582124],[110.94456119433981,-7.92053618391587],[110.94457010801712,-7.920531719376854],[110.94478858408198,-7.9203712499281345],[110.94480641143912,-7.9203756504596425],[110.94493575073996,-7.920344508522097],[110.94507846057112,-7.9203623010668265],[110.94515868369392,-7.920335528353125],[110.94529247986323,-7.920286511545596],[110.94546193077178,-7.920215167472446],[110.94557789960014,-7.920170532097905],[110.94567149327231,-7.920112638486421],[110.9457919189575,-7.9199609781664755],[110.9458543147465,-7.919853984514023],[110.94586768527303,-7.9198450531886495],[110.94590788780921,-7.919791517311891],[110.94595245623285,-7.919724659293678],[110.9460059383428,-7.919675604770988],[110.94607279098268,-7.91963549601105],[110.94613973458128,-7.919622119588281],[110.94619321669734,-7.919622070023123],[110.94632255610767,-7.919515108513305],[110.94641614982235,-7.919452668211029],[110.94655440293836,-7.919367901214282],[110.94669711291046,-7.919225272360332],[110.94679070664651,-7.919158363309419],[110.94684873658466,-7.919055755253142],[110.94690221872384,-7.918957697338125],[110.94687547765403,-7.918873003715666],[110.94698253289188,-7.91871687122026],[110.94704938557156,-7.9186366194165005],[110.94712960879077,-7.918592049791543],[110.94724557773704,-7.918560823822051],[110.9473749172303,-7.9185385433905555],[110.94737937407659,-7.918534076664897],[110.94742839938662,-7.918525164942686],[110.94751317042704,-7.918507329504112],[110.9476379621383,-7.918485051396419],[110.94771827634233,-7.918471682670053],[110.9478519817643,-7.918431532880592],[110.94792783913098,-7.918400285272499],[110.94798577815321,-7.918342374934168],[110.94805717867793,-7.918297717665519],[110.94808391976697,-7.918226383279185],[110.94809283346342,-7.918199651906902],[110.94811511770473,-7.918155051401909],[110.94819534097597,-7.9180881368706615],[110.94827565520723,-7.918007888853315],[110.94837816273116,-7.918030211387185],[110.94848076121761,-7.918043590960156],[110.9486724967041,-7.9180658784211735],[110.94876609055262,-7.918079257803535],[110.9488018363096,-7.918146151633117],[110.94885086166202,-7.918190712054461],[110.94892217126814,-7.918226424721893],[110.94913628201734,-7.918253188045047],[110.94929672866327,-7.918253195909415],[110.94940378405872,-7.91822643421247],[110.9494706368368,-7.918190717600365],[110.94951529631322,-7.918132795805835],[110.94955540798244,-7.918061390873664],[110.94958660594811,-7.918007935847224],[110.94964008817628,-7.917954414466191],[110.94967583395221,-7.917954428897732],[110.94971148877275,-7.917949900630288],[110.94971594562537,-7.917945512389984],[110.94977388471054,-7.917869648314241],[110.94986756957782,-7.9176913248641725],[110.94989876754937,-7.917611056168442],[110.94991659496195,-7.917539718397799],[110.94988985384316,-7.917463887644916],[110.94984073750364,-7.9174103946668035],[110.94978279841611,-7.91737022072101],[110.94970257506755,-7.917339051104766],[110.94962226076669,-7.917298869800023],[110.94946617998485,-7.917174049992351],[110.94939932720693,-7.917116073538854],[110.94932801758016,-7.917049156669044],[110.94921650533834,-7.916933299031501],[110.94917639367735,-7.916737034001221],[110.94916747997503,-7.916705824716318],[110.94914519571948,-7.916580995006392],[110.94912282050807,-7.916322336864714],[110.9491272773591,-7.916206460362678],[110.94914073886841,-7.916094974750505],[110.94917193682619,-7.916014707984754],[110.94918085052852,-7.915983508814614],[110.94920313478457,-7.915938910261135],[110.94923433274354,-7.915885378824187],[110.94929672866327,-7.915836333552064],[110.94934584498657,-7.915854153057452],[110.94938595665168,-7.915885379129618],[110.94942606831778,-7.915912136283535],[110.94947509368878,-7.9159790401701375],[110.9495197531653,-7.915992388263452],[110.94955986483465,-7.916014676481991],[110.94959106280038,-7.916045897635045],[110.94963117447146,-7.916077123679623],[110.94969366136239,-7.916112747707039],[110.949764971005,-7.916157397594493],[110.94980508268031,-7.916166279005433],[110.94985865587178,-7.916157365702033],[110.94991659496195,-7.916175194691231],[110.9500370209581,-7.9162064597883965],[110.95016181286066,-7.916264388698997],[110.95022875662568,-7.916286686629315],[110.95030897999986,-7.916308996578337],[110.95034909168842,-7.916322346798381],[110.95042049231557,-7.916326849827539],[110.95048734513487,-7.9163312767590215],[110.95054528424714,-7.916344636648568],[110.95060777117268,-7.916344665859331],[110.9506478828685,-7.916335749862944],[110.95067016714437,-7.9163134174395084],[110.9507013651311,-7.9162866993740835],[110.950714735697,-7.916237627104865],[110.950714735697,-7.916197485394525],[110.950714735697,-7.916135077626906],[110.95074147682918,-7.916050340049422],[110.95076385206255,-7.915987939839506],[110.95075039054,-7.915787308169719],[110.95077722262899,-7.915693628617353],[110.95080396376216,-7.915649033026796],[110.95087527345275,-7.915564320588495],[110.9509867858067,-7.91552415720648],[110.95111157778108,-7.9154929436176795],[110.9511874352978,-7.91546624569659],[110.9512765724322,-7.9154171372853765],[110.95136134367063,-7.915448382305178],[110.9514460239571,-7.915461756705345],[110.95150851091674,-7.91547958298103],[110.95166013503382,-7.915515254815898],[110.95181166820852,-7.915559868947901],[110.95188752575739,-7.915582171219553],[110.95192763748426,-7.9155865834891515],[110.95195437863605,-7.915573269964501],[110.9519677492121,-7.915555401938658],[110.9519677492121,-7.9155419954631485],[110.95199003350578,-7.915426053470779],[110.95200786094094,-7.915385922257222],[110.95202577933259,-7.915292317423718],[110.95202577933259,-7.915167426154546],[110.95202577933259,-7.915113957395983],[110.95202132247373,-7.915042611078786],[110.95201677465859,-7.914966800798618],[110.95203914990921,-7.914904402095593],[110.95206589106282,-7.9148598073635945],[110.95210154593495,-7.914801811242103],[110.9521461145262,-7.914739351312751],[110.95228882498257,-7.914694815546998],[110.95246719033128,-7.914699220463912],[110.95264109883867,-7.914708169987312],[110.95284174853046,-7.914676993699672],[110.9528774034193,-7.914654669475609],[110.9529443472943,-7.9146323575715085],[110.95297554532392,-7.914618968411381],[110.95301565707719,-7.91460558412838],[110.95306913941634,-7.914565473159345],[110.95317619505624,-7.914489636914851],[110.95323859112483,-7.9144227970194025],[110.95329216442757,-7.914347010174149],[110.95333227618846,-7.914284548600734],[110.95340358598803,-7.914181964299986],[110.95347498674707,-7.914097250232628],[110.95360423577216,-7.9140214318072974],[110.95366226594997,-7.914003662488163],[110.95368900712978,-7.913994739785719],[110.95370683458323,-7.913994749555138],[110.95372466203686,-7.914008086959035],[110.9537380326272,-7.914012562961749],[110.9537603169447,-7.914025902804087],[110.95382716989896,-7.914128483859564],[110.95388965694845,-7.914204324066706],[110.9539342255878,-7.914262284555219],[110.95398770795661,-7.914311312534954],[110.95405019501214,-7.9143603406186385],[110.95409922052023,-7.914369304711889],[110.9541304185716,-7.9143781806891464],[110.95415270289435,-7.914382661514646],[110.95424638800965,-7.914409441452315],[110.95433552530871,-7.914418348910614],[110.95434889590399,-7.914413887489737],[110.9543533527691,-7.914409421223435],[110.95446040849188,-7.914378193809948],[110.95449606341553,-7.914315808444168],[110.95450497714656,-7.9143024072551915],[110.95452726147435,-7.914262279684481],[110.95455400266809,-7.914213217228899],[110.95458974855019,-7.914150748924553],[110.95461203287913,-7.9140170148199465],[110.95463431720835,-7.913972418819813],[110.9546744290017,-7.9138742872145675],[110.95466551526977,-7.9138074094951145],[110.95461648974495,-7.913758384465617],[110.95452726147435,-7.913731607042695],[110.95438464178166,-7.913695936665128],[110.95433106844364,-7.9136558511521065],[110.95417053035278,-7.913539896900063],[110.95414378916522,-7.913486415393036],[110.95409922052023,-7.913401643700846],[110.95407693619819,-7.913325821586082],[110.95409030679137,-7.913272362280426],[110.95412596170708,-7.913232242756955],[110.95421518995609,-7.913223271484603],[110.95433552530871,-7.9132188691291745],[110.9544648653573,-7.913227715917281],[110.95458083481871,-7.913276772753551],[110.95474137294924,-7.913307979546842],[110.9549196476053,-7.913334732135103],[110.95506681516743,-7.913339198151067],[110.95518278467087,-7.913299117862071],[110.95527192202017,-7.913201014484256],[110.95539680527375,-7.913067255909428],[110.95548603359104,-7.912942336916061],[110.95561082590417,-7.912835316783338],[110.95579364847899,-7.912692654052475],[110.95580701908598,-7.912688192853946],[110.95589624742529,-7.912625755949228],[110.95591853177173,-7.912590098341372],[110.95594081611847,-7.912563377811392],[110.95595418672666,-7.91251430978501],[110.95597201420439,-7.912447370178807],[110.95595418672666,-7.912344819727559],[110.9559363592491,-7.912206599777673],[110.95591853177173,-7.912108518143703],[110.95591407490241,-7.912028239586135],[110.9559631004655,-7.911952459165067],[110.95598984168235,-7.911934600007036],[110.95603004446492,-7.911921211977222],[110.95604787194351,-7.911907816387295],[110.95607907003145,-7.911885569629203],[110.95609689751053,-7.911867705575129],[110.95611472498982,-7.911840982975076],[110.95614146620909,-7.911805328376455],[110.95615483681888,-7.911774056484876],[110.9561682074288,-7.911747331471977],[110.95617712116879,-7.9117206040074795],[110.95619949647553,-7.911693800811385],[110.9562128670858,-7.911667075841443],[110.95622623769617,-7.911631413971545],[110.95622623769617,-7.911604603236411],[110.95622623769617,-7.911600213175537],[110.95622623769617,-7.9115556070375925],[110.95623069456632,-7.91150206650301],[110.95623515143647,-7.911426262189527],[110.95623069456632,-7.911350453016881],[110.95623515143647,-7.911296991046059],[110.95623960830665,-7.911265714489985],[110.95624406517683,-7.911238984773526],[110.95625297891723,-7.911207789118545],[110.9562618926577,-7.911180983513243],[110.95627526326845,-7.911140853523364],[110.95630200449033,-7.911118604682591],[110.95633320258302,-7.911105216777213],[110.95637786224445,-7.91110523681636],[110.95644471530402,-7.911140864539577],[110.95647145652859,-7.911176548357951],[110.95649374088273,-7.911194434415566],[110.95652939584998,-7.911221186343035],[110.95656068490351,-7.911238994200044],[110.95659188300107,-7.911261275224352],[110.9566230810992,-7.911270229369278],[110.95665873606922,-7.911270170742107],[110.95673450288304,-7.91126574431267],[110.95675242132572,-7.9112523441854625],[110.956770248812,-7.911230090371978],[110.95678361942684,-7.911207755705781],[110.9567880762985,-7.91118102608867],[110.95679253317014,-7.911154296483494],[110.95680590378517,-7.911114166610297],[110.95683264501555,-7.911096307818366],[110.95681481752858,-7.911056160676664],[110.95681036065687,-7.911024957777387],[110.9568192744003,-7.9109803571205966],[110.95684155875911,-7.9109223587440685],[110.9568460156309,-7.910886692472245],[110.95685492937453,-7.9108465603108105],[110.9568816706057,-7.9107931113326275],[110.95689504122143,-7.910757371708199],[110.95692633028183,-7.91072171567458],[110.95695752838623,-7.910717264660335],[110.9569976402356,-7.9107083502290445],[110.95704666583059,-7.910712845880591],[110.95708232080968,-7.910703928965486],[110.95713143736374,-7.910677141254597],[110.95722503169021,-7.910641446366207],[110.95749708286728,-7.910623636126879],[110.95762187533111,-7.910587958587993],[110.95781806874977,-7.910529974174675],[110.95804555127286,-7.910463065710417],[110.95830414099991,-7.91034718462742],[110.95834870975749,-7.910240126583844],[110.9583754510126,-7.9101866785098505],[110.95839336947289,-7.9100439331989465],[110.95841119697673,-7.9099770754877765],[110.95842902448075,-7.909923544325467],[110.95846022261325,-7.909887893793957],[110.95851370512747,-7.909865582148211],[110.95851816200373,-7.909861116347683],[110.95860739048814,-7.909821025094202],[110.95869652802064,-7.909776391967967],[110.9587812996376,-7.909754092995153],[110.9588481527935,-7.9097273205970575],[110.95892401066342,-7.909691690296959],[110.95899532070254,-7.909629252772328],[110.95907554450021,-7.909593551400205],[110.95910683360147,-7.909562364668217],[110.95918705740448,-7.909531131599129],[110.95929411343785,-7.909522249870603],[110.95940107852138,-7.909441959528417],[110.95939662164275,-7.909343891212787],[110.95941890603595,-7.909134289382062],[110.95951704832628,-7.909049600219326],[110.95973106948539,-7.9089380883743425],[110.95994954755194,-7.908915786130431],[110.96008780179699,-7.908897985674307],[110.96020377164946,-7.908871236435914],[110.96030182302906,-7.908759743660063],[110.9603330211965,-7.908710689674709],[110.96046236171026,-7.908492209656512],[110.96068083987223,-7.9083629077591455],[110.96089931806269,-7.908273662532131],[110.9611579991876,-7.908081982404883],[110.96130962418337,-7.907885780056001],[110.96133190860203,-7.907827785911779],[110.96139876185977,-7.907662818368473],[110.9614477875838,-7.907537975412349],[110.9615860419524,-7.907386291399871],[110.96169309813908,-7.907207939010039],[110.96204537398252,-7.9064588373681515],[110.9622192834889,-7.90629385159402],[110.96294157206552,-7.905607127467583],[110.96299514567964,-7.905558084718096],[110.96302188700888,-7.905544696244482],[110.96323145172633,-7.9055090672564425],[110.96357481411275,-7.905442155780158],[110.96415448274549,-7.905232559043938],[110.96422579300688,-7.905210260223344],[110.9643595907121,-7.9052191883108165],[110.96455132802677,-7.904817894689155],[110.96438633206303,-7.904376436127332],[110.96427490977032,-7.903872535480294],[110.96409654316031,-7.903591598018173],[110.96369078420611,-7.903310691330494],[110.96350796076844,-7.9030743504566106],[110.96325373617047,-7.902673060544616],[110.96305754211521,-7.902316320731042],[110.96295057679849,-7.901589521669189],[110.96285689119503,-7.901085650949098],[110.96293711517747,-7.900202690147758],[110.96263395586259,-7.900086749754912],[110.96236636073716,-7.899970835047446],[110.96226385235065,-7.899961916781648],[110.96198288662768,-7.899935187325152],[110.96164843833566,-7.899957489861792],[110.96155484376165,-7.899863850186097],[110.96128279192457,-7.899556140927406],[110.96093952096344,-7.899221735422781],[110.96079680976577,-7.899128070638127],[110.9608859474149,-7.898985400114541],[110.96092605935856,-7.898914023099707],[110.96097517602556,-7.898838257786831],[110.96128279192457,-7.898271935908118],[110.961559300646,-7.898209473459392],[110.96177332206595,-7.897875092599737],[110.96179560649075,-7.897594130968895],[110.96169309813908,-7.897295380814801],[110.96151473180295,-7.897130374832097],[110.96142996004761,-7.897375640438578],[110.96138539120801,-7.897553994679234],[110.96134527925336,-7.897768013069854],[110.96128724880822,-7.897991039226997],[110.96122039555493,-7.898147044531922],[110.96113125788803,-7.898307582446763],[110.96083246482485,-7.898459223680786],[110.96062735728873,-7.898566243439098],[110.96020377164946,-7.898749081503879],[110.95995400443203,-7.898824885219757],[110.95956607399525,-7.898829280475434],[110.95937433724986,-7.898784727077942],[110.95907554450021,-7.898552868259616],[110.95872326928132,-7.8982808468022325],[110.95851370512747,-7.898147088063533],[110.95831751162706,-7.8980044024932],[110.9581436025259,-7.897785861808788],[110.95806337877299,-7.897549583792602],[110.95793403844479,-7.897629843632798],[110.95763524595279,-7.89783940276389],[110.95730088948638,-7.897991014852589],[110.95713143736374,-7.898142574193894],[110.95693078715384,-7.8982094662627755],[110.95668547729723,-7.898236283972536],[110.95647145652859,-7.898205038194338],[110.95640460346794,-7.898089074898833],[110.95639123285615,-7.8979419509995],[110.9564313446919,-7.89779031524933],[110.9566275379704,-7.897420257736637],[110.95676579194041,-7.8971482155413835],[110.95679699004181,-7.8969520584844],[110.95676133506883,-7.89685390844593],[110.95677916255522,-7.896724598743884],[110.95696644213045,-7.896644377432533],[110.95712252361864,-7.8966220563059055],[110.95725622980021,-7.896617595454444],[110.95737665632939,-7.896568525448354],[110.95748816912021,-7.896425869258538],[110.95761741845723,-7.896269749023206],[110.95763078907889,-7.89610031013564],[110.9574792553732,-7.89606024220306],[110.95743459568226,-7.896051283743765],[110.95711360987357,-7.896078044773786],[110.95707786393724,-7.895534025180548],[110.95685492937453,-7.895471578808736],[110.95659633987218,-7.895426978692423],[110.95640460346794,-7.895395823493235],[110.95639568972673,-7.895395817746396],[110.9564669996578,-7.895315529500749],[110.9565472233339,-7.895190651981465],[110.95661416735682,-7.8950212447467285],[110.95660525361447,-7.8948473264411625],[110.95650711149537,-7.894651097298301],[110.95639123285615,-7.894521783433011],[110.95628863387932,-7.894383548434954],[110.95627080639818,-7.894218638577179],[110.95626634952794,-7.894053581071624],[110.95620395334561,-7.893897577384147],[110.95611918185966,-7.893875268739362],[110.95586504934076,-7.893901989270058],[110.95549940419556,-7.893888592485942],[110.9550623583004,-7.893839571444674],[110.95479931221037,-7.8937860306204355],[110.95452280460877,-7.8936969036870135],[110.9544648653573,-7.893754862068805],[110.95427758606377,-7.893728096096219],[110.95389411381232,-7.8936388976231076],[110.95352846910107,-7.893589837786224],[110.9531494538847,-7.8935854417850235],[110.95285511911368,-7.8936344746820515],[110.9525920733737,-7.893710249300822],[110.95223088580919,-7.893870765095613],[110.95187415518195,-7.893964430380585],[110.95169133303925,-7.8940447263942],[110.95154416577685,-7.894205224612214],[110.95145939452907,-7.894428152201467],[110.95137471424188,-7.894544092456731],[110.95104026808028,-7.894637774391055],[110.9508529891741,-7.894682329142655],[110.9505319136826,-7.894780409283399],[110.95035354854276,-7.894807178497992],[110.95022875662568,-7.894856237675511],[110.95006376207927,-7.894949871518225],[110.94991213810879,-7.895079176213564],[110.94973377303597,-7.895230801133165],[110.94959106280038,-7.895328918239464],[110.94968920450982,-7.895449288830168],[110.94978725526893,-7.895623196443766],[110.94984965120959,-7.895846145497136],[110.94987202643087,-7.8960379475827],[110.94980508268031,-7.896327752784786],[110.94975160044677,-7.896457042904646],[110.94973377303597,-7.896648825122576],[110.94978279841611,-7.896720182593972],[110.94989876754937,-7.8966845130446],[110.95013061488413,-7.896693439027151],[110.9502153860637,-7.896751333730747],[110.9502153860637,-7.896880659610097],[110.95014398544544,-7.897005554542641],[110.95005484837216,-7.897148225597794],[110.95004593466511,-7.89725081898276],[110.95012170117667,-7.897344454130048],[110.9502822388747,-7.897402398503448],[110.95042049231557,-7.897429133003463],[110.95052745682776,-7.8975451266454115],[110.95053191368258,-7.89768331368608],[110.95046506086148,-7.8978260007843595],[110.95032680741689,-7.898040051549299],[110.95033572112546,-7.898164917898504],[110.95030452314563,-7.898343292765722],[110.95013507173789,-7.89845472439608],[110.94984965120959,-7.898526111576718],[110.9496044333573,-7.898517178877027],[110.94942606831778,-7.898535017475637],[110.94925661700032,-7.898575122228875],[110.94908716570026,-7.898508235752998],[110.94896683072967,-7.898387841538751],[110.94881075000994,-7.898213972581002],[110.94869032410342,-7.898075712167678],[110.94861455765768,-7.89806233781893],[110.94854761395823,-7.898151497093336],[110.94855652765717,-7.898280832709322],[110.94861010080804,-7.8984547137931855],[110.9486457556055,-7.89872672287037],[110.94860118710879,-7.8990076949455],[110.94852978656047,-7.8991949882083405],[110.94824445726643,-7.899186029293502],[110.94798577815321,-7.89917709220056],[110.9477984995942,-7.899186067834866],[110.94772273318956,-7.899235086508033],[110.9477271900368,-7.899333225306943],[110.94769153525924,-7.899524928194899],[110.94770044895355,-7.89977913247861],[110.94766470322052,-7.9000377032034965],[110.94757110943466,-7.900327586809298],[110.94750862262434,-7.900621886290752],[110.94739274461554,-7.900911680272156],[110.9473838309229,-7.901081143931474],[110.94745514046541,-7.901241723335485],[110.94749970893106,-7.901384413939416],[110.94748633839124,-7.901531535851815],[110.9473392624604,-7.901647453627863],[110.94716981135788,-7.901758972637169],[110.94702264449936,-7.901825825776139],[110.94687993449895,-7.901941751980977],[110.94682199551572,-7.902084457625883],[110.94681753867094,-7.902249459602053],[110.9468576502744,-7.902343079420407],[110.94696907140025,-7.902463474610729],[110.94704047188078,-7.902623974106306],[110.94704047188078,-7.902780043839451],[110.94697807604666,-7.902882614038824],[110.94681308182618,-7.902940600120366],[110.94659897137956,-7.902971829696014],[110.94636712454258,-7.9029985750752525],[110.9461709324821,-7.903061009658945],[110.94608625246696,-7.903136836136081],[110.94608179562418,-7.903283968775229],[110.9461709324821,-7.90349802650094],[110.94626016030085,-7.903663008345966],[110.9463983224477,-7.903814621370697],[110.9463582108555,-7.90383239054171],[110.94637158138612,-7.903872534232335],[110.94638495191687,-7.903926082514865],[110.94639386560408,-7.9039706916478485],[110.94638940876048,-7.904001887835357],[110.94638049507327,-7.904033081246341],[110.9463582108555,-7.904086607311585],[110.94632701295112,-7.904162390502855],[110.94630472873405,-7.904193575637449],[110.94627353083068,-7.904251564507905],[110.94624669881513,-7.904296156314321],[110.94619321669734,-7.9043095275222175],[110.94616201879609,-7.904300649947722],[110.94609070930976,-7.904264937923516],[110.94604159308372,-7.904224854747643],[110.9460059383428,-7.904198101473399],[110.94593908570562,-7.904189123121599],[110.94589897412463,-7.904211439079592],[110.94587659895744,-7.904242629031849],[110.94587214211522,-7.90429169835151],[110.9458543147465,-7.904331822868394],[110.94584540106221,-7.904331817283812],[110.94584094422008,-7.90439429138851],[110.94584540106221,-7.904421025215131],[110.94584985790435,-7.904452227291364],[110.94583203053585,-7.904492351924323],[110.94580528948352,-7.904532471012817],[110.9457651779058,-7.904554787163391],[110.94571160484774,-7.904572631453188],[110.94566257958903,-7.90456374266466],[110.94563138169788,-7.90453699201508],[110.94558681328299,-7.9045057647390005],[110.94551986970697,-7.904465591732794],[110.94544410340752,-7.904447749622002],[110.9453548756332,-7.90443437208775],[110.94528356618198,-7.904434405727131],[110.9452167135743,-7.9044255056393435],[110.9451497700134,-7.904434404909826],[110.94506509005105,-7.904452224752116],[110.9450026942921,-7.904470058596825],[110.94493129390031,-7.904496828120369],[110.94484215710985,-7.904554781225601],[110.94478858408198,-7.904612761556733],[110.94477075672506,-7.904693022636069],[110.94478858408198,-7.904764369616962],[110.94479304092125,-7.9047955720450185],[110.94479749776053,-7.904862442440689],[110.94479749776053,-7.904898110414395],[110.94479304092125,-7.904947180514747],[110.94478858408198,-7.905072055074204],[110.94478858408198,-7.905147859580684],[110.94477075672506,-7.90520138983452],[110.94473064517267,-7.90525043789792],[110.9446682494265,-7.905259335557485],[110.94457902169445,-7.90528609455028],[110.94448542808475,-7.905294972700762],[110.94445868705436,-7.905308360976434],[110.94436945933377,-7.905312856700076],[110.94430260676342,-7.905312814876405],[110.94422229272674,-7.9053039111271195],[110.94415989699993,-7.9052905454343705],[110.94409295348228,-7.905277181673071],[110.94402164408606,-7.905259342013831],[110.94395479152993,-7.905232568443386],[110.9438878480207,-7.905192472964658],[110.94381208179682,-7.905170162089728],[110.94372731094785,-7.905138913646392],[110.94367382891237,-7.905076480067163],[110.94360697637048,-7.90506311138927],[110.94354003287548,-7.905103289125763],[110.94345980983209,-7.905152312050077],[110.94337503900141,-7.905196947012605],[110.94328590229578,-7.905237027729129],[110.94320567926489,-7.905294987546243],[110.94307634010092,-7.9054332736696304],[110.94299156929016,-7.905464425416844],[110.94294254411297,-7.905629411325612],[110.9427686366318,-7.905665132426783],[110.94268395679279,-7.905932635059962],[110.94245201955489,-7.906039663004667],[110.94240745122667,-7.90628046050878],[110.94223800063483,-7.906418724594069],[110.94221125964125,-7.906423176322394],[110.94194366781826,-7.906552447321199],[110.9418500743596,-7.906534671590173],[110.94146214817677,-7.90662827635039],[110.94141757987562,-7.906655059393874],[110.94109204940287,-7.906726360892624],[110.94091368529047,-7.906628259996005],[110.94088248749006,-7.906605976226046],[110.94069511878878,-7.906605946335538],[110.94046327278974,-7.906668442822664],[110.94019131538303,-7.906686228751536],[110.93994600802209,-7.906717441755934],[110.93943320024371,-7.906690712779136],[110.93936189105145,-7.906601531822393],[110.93926374996163,-7.906476668729549],[110.93891593580409,-7.9061467262643825],[110.93871974463985,-7.906151152867284],[110.93865734912389,-7.906146722910154],[110.93807323261714,-7.906173410456915],[110.93790378247712,-7.906119919320701],[110.93741771625868,-7.90604859530784],[110.93678448425216,-7.9060173973276395],[110.93672208881075,-7.90600849834041],[110.93656600926232,-7.9060753527535415],[110.93613797300227,-7.906298280836086],[110.93609786166286,-7.906302723567188],[110.93550028468323,-7.906244813336024],[110.93472889226082,-7.906218069196765],[110.93466204008736,-7.906191292303803],[110.93399761149365,-7.906481106843981],[110.9338415322087,-7.906565836610721],[110.93381033454457,-7.906579222368379],[110.93336883763675,-7.90669513544239],[110.93286494555782,-7.906873491796136],[110.93262864387556,-7.90694045193742],[110.93203115913796,-7.907158888657101],[110.93191519127814,-7.907194567921136],[110.93116608458298,-7.9074666156968245],[110.9296142997169,-7.908099750215451],[110.9291237792054,-7.908291527822297],[110.9284281553447,-7.908563539270005],[110.92664898591522,-7.909326069787016],[110.92705919248363,-7.909593609911454]]]},"id":"00050000000000001a48","properties":{"FCODE":"BA03070040","KDBBPS":"3312","KDCBPS":"3312080","KDCPUM":"33.12.06","KDEBPS":"3312080006","KDEPUM":"33.12.06.2001","KDPBPS":"33","KDPKAB":"33.12","KDPPUM":"33","LUAS":5.81433469,"LUASWH":0.0,"METADATA":"TASWIL1000020221227_DATA_BATAS_DESAKELURAHAN","NAMOBJ":"Wonoharjo","OBJECTID":18577,"REMARK":"Wilayah Administrasi Kelurahan/Desa","SRS_ID":"SRGI 2013","TIPADM":1,"UUPP":"Hasil Delineasi Batas Desa 2017","WADMKC":"Nguntoronadi","WADMKD":"Wonoharjo","WADMKK":"Wonogiri","WADMPR":"Jawa Tengah","WIADKC":"","WIADKD":"","WIADKK":"","WIADPR":""}},{"type":"Feature","geometry":{"type":"Polygon","coordinates":[[[110.95646254278702,-7.933860039372098],[110.95696644213045,-7.933922426723825],[110.95707340706483,-7.933931333639677],[110.9571492648541,-7.933917951328311],[110.95726960041897,-7.93389126138956],[110.95772893126416,-7.933931357203148],[110.95778241375496,-7.933926909927157],[110.95786272845096,-7.933926860668711],[110.95796969344285,-7.933926905869431],[110.9579830640673,-7.933922441621096],[110.95800980531656,-7.933926922810652],[110.95873663991182,-7.933967046539975],[110.9587812996376,-7.933958120728743],[110.95918260052643,-7.9335300359767675],[110.95942336291463,-7.9335033134367805],[110.96025725421944,-7.933360605102709],[110.96035976248334,-7.933342768804704],[110.96038659472735,-7.93333383563613],[110.96052030117008,-7.933365023265061],[110.96077898223652,-7.933378452575979],[110.96109551186578,-7.933351682482616],[110.9614477875838,-7.9332402319314825],[110.96156821441477,-7.933191109819839],[110.96176886518103,-7.933311558066519],[110.96200517105527,-7.933409672049796],[110.96227722300941,-7.933489916619439],[110.96255809782474,-7.933530019850563],[110.96268298162266,-7.933534457635307],[110.96285243430725,-7.933579062947106],[110.96287917563421,-7.933588013393182],[110.96297286123892,-7.933699477035232],[110.96312439544162,-7.933980428035567],[110.96322253794874,-7.9341989331292275],[110.96330276194863,-7.934381756308717],[110.96335633557425,-7.934466463942351],[110.96340090446614,-7.934707223921002],[110.96340090446614,-7.934711693732265],[110.96349004225348,-7.934934671397307],[110.96358818478193,-7.935023867053796],[110.96361938301042,-7.935228942912591],[110.96369524109612,-7.935353810191504],[110.96373535310686,-7.935416247136896],[110.96383786158306,-7.935523250492082],[110.96393154724112,-7.935652594878734],[110.96395828858525,-7.935701617063511],[110.96401622816565,-7.93584428352025],[110.96406980181399,-7.935987022082024],[110.96408762937816,-7.936027101155036],[110.96412328450707,-7.936080675292315],[110.9641411120718,-7.936089543618233],[110.96417231031056,-7.936094025707558],[110.96424816842115,-7.936156472107678],[110.96435067692856,-7.936201054139811],[110.96440415963055,-7.936187665339973],[110.96442207815525,-7.936200998758565],[110.96456915559604,-7.936259007692975],[110.9645958969503,-7.936254548210497],[110.96475197914887,-7.936299146055548],[110.96482338039255,-7.936330379721299],[110.96493034582824,-7.936308071789271],[110.9649570871882,-7.936294672520361],[110.96507751427036,-7.936312515457073],[110.96511316942022,-7.936321469008609],[110.96518011378521,-7.936294670871524],[110.96525588098416,-7.936276820702661],[110.96537185119317,-7.936267921007417],[110.96556804551787,-7.936290184442373],[110.96588466700511,-7.936276808850527],[110.96600946009252,-7.936250116182341],[110.9664330471934,-7.93652206724492],[110.96648662091846,-7.936553293459485],[110.96652227609806,-7.936531036206],[110.96663824639401,-7.936477515857538],[110.96674075504656,-7.936441796195116],[110.9668567253575,-7.936410625146169],[110.9670752043492,-7.9363615354129555],[110.96724465747502,-7.9363704563163076],[110.96742302441751,-7.936397259784324],[110.96747205031677,-7.936406139608561],[110.96773518935137,-7.936321460114255],[110.96786889637737,-7.93630802292144],[110.96789563778383,-7.9363035632410925],[110.96814094927709,-7.936303567992601],[110.96825237182469,-7.936321410832639],[110.96835497153214,-7.93637492543772],[110.96847094195363,-7.936464124991266],[110.96851105407772,-7.936495350247495],[110.96851105407772,-7.93649982004851],[110.9686493090252,-7.936593419287008],[110.96875627470281,-7.936722770027983],[110.9688633313444,-7.936887717758325],[110.96889898657402,-7.9369278809788],[110.96900149536334,-7.9371374519021956],[110.96909518130757,-7.9372043724228085],[110.96925572082593,-7.937413881901049],[110.96938051416173,-7.9374941497272715],[110.9695276829908,-7.937846454750542],[110.96955442442342,-7.937882145010938],[110.96956333823437,-7.937895479442345],[110.96960799824716,-7.937966851974357],[110.96981310687488,-7.938011463584162],[110.96987996046845,-7.9380604995649175],[110.97015201369052,-7.938167473194438],[110.97048191580059,-7.938292351520078],[110.97057114491828,-7.938336920634368],[110.97063799854162,-7.938399365983631],[110.97074505530178,-7.93845735103384],[110.97095462097579,-7.938537643559209],[110.97126678655889,-7.9386267504153825],[110.97153429213468,-7.9387160026189605],[110.97151200758154,-7.939014692676934],[110.97156994742029,-7.939054863687207],[110.97171265952767,-7.93892998750315],[110.9718286301782,-7.938845252696884],[110.97183308708962,-7.9388407843933],[110.97206493745757,-7.938827451554661],[110.97218090813207,-7.938818547771737],[110.97231015859505,-7.938800713704348],[110.97243504311223,-7.938773933577714],[110.97248406915605,-7.938756071360888],[110.9726401520805,-7.938662489786571],[110.97282297650315,-7.938528689355291],[110.97297014562976,-7.938386015634677],[110.97309503019522,-7.938274544750462],[110.9732421083878,-7.938140737809829],[110.97343830362175,-7.937940053995473],[110.9735409036418,-7.93776615661376],[110.97367470208144,-7.937641359660379],[110.97368361591397,-7.9375744734810265],[110.97369252974651,-7.937507587374715],[110.97375492657577,-7.93727118438182],[110.9737638404087,-7.937248917368586],[110.97379503882435,-7.937124090142073],[110.97415177410139,-7.93699027324204],[110.97437025402986,-7.93695019729095],[110.97439262957782,-7.936950200433514],[110.97476719265573,-7.936887748183976],[110.97505698337883,-7.936910037372727],[110.97508818181805,-7.93696799719257],[110.97512383717783,-7.937079516243175],[110.97518632501682,-7.937231110339658],[110.97523980805987,-7.937338087841467],[110.97540480507732,-7.937520927522038],[110.97544491736454,-7.937596769510209],[110.97562328516564,-7.937841954642155],[110.97565002669377,-7.937864312451322],[110.97569468686582,-7.937895454244901],[110.9757080576304,-7.937913337716572],[110.9762118717536,-7.937989173079108],[110.97643489982578,-7.938127330359664],[110.97661763369605,-7.938180872456974],[110.97682729104754,-7.938296833028588],[110.97716610829654,-7.93841276348312],[110.97737576571495,-7.938466225944994],[110.97754067198004,-7.938385983733172],[110.97771458307207,-7.938314679296099],[110.97790186496334,-7.9382343617129285],[110.97828534266347,-7.9380872174162445],[110.97852174179108,-7.937984642177223],[110.97893196120843,-7.937788498696858],[110.97925749903726,-7.937587779689223],[110.97948935040914,-7.937422791619599],[110.97964543397086,-7.937378221948115],[110.9798728284625,-7.937293528579438],[110.98006011058833,-7.9373113865307205],[110.9801492492469,-7.937266799248053],[110.98024739273447,-7.937115176300643],[110.98043913183471,-7.937052740758509],[110.98061750015343,-7.937061656465322],[110.9809742368461,-7.937110695802922],[110.98141565540017,-7.937150823697743],[110.98172782288576,-7.937231055263672],[110.98195521765139,-7.937239986233922],[110.98200424396677,-7.93722220279361],[110.98230749768125,-7.937329169185707],[110.98246803843641,-7.937480788318802],[110.98250369394891,-7.937458530836603],[110.98262412226701,-7.937150797364788],[110.98263303614588,-7.937106262258339],[110.98272217493702,-7.936985850880677],[110.9827266318767,-7.936950174976543],[110.98275783045476,-7.936829744880328],[110.98276228739454,-7.936820885837672],[110.98304771347954,-7.936615767751999],[110.98354270682051,-7.936303606062299],[110.98387261150157,-7.936076163199863],[110.9841803224861,-7.935835379798547],[110.98452368907914,-7.935714968178271],[110.98485359394644,-7.9356303118632034],[110.98495619464582,-7.935545580588708],[110.98537978642702,-7.935184324748915],[110.98544673158375,-7.935153135534891],[110.98560718167096,-7.935099635718524],[110.98562510041745,-7.934965872354409],[110.98567858378368,-7.934805310372356],[110.98575435188866,-7.934725045873521],[110.98579000746861,-7.934698320669823],[110.98601749372422,-7.93453780791231],[110.98622706125668,-7.934363886987746],[110.98622706125668,-7.93435941777666],[110.98628500159022,-7.934225674562222],[110.98672196454424,-7.933088607474075],[110.98702521908167,-7.93229485082325],[110.98712336295796,-7.932138776642509],[110.98728827015081,-7.931840035643132],[110.98746663917288,-7.931523420330532],[110.98755141221778,-7.931367343998741],[110.98742652660691,-7.93105079262366],[110.98725707149151,-7.930854574598807],[110.98714119076183,-7.930792125489495],[110.98702521908167,-7.930752025833908],[110.98695390787196,-7.930462146700315],[110.98679782365274,-7.930252605433654],[110.98664173944746,-7.930176818302638],[110.98664173944746,-7.929886966196145],[110.98660162690047,-7.929672915218326],[110.98661054079972,-7.929200237005009],[110.98648119830685,-7.928865815283489],[110.98682456535363,-7.928005176400434],[110.9869270752109,-7.927733168388558],[110.98710990114698,-7.927055395858667],[110.98723924368645,-7.926600574104635],[110.98731955976886,-7.926092270765866],[110.98694053702047,-7.9258247248845155],[110.9870385899338,-7.925360967670779],[110.98716347551692,-7.924656388330766],[110.98682010840345,-7.9251469454387715],[110.9863384849767,-7.925472434204621],[110.98611108963732,-7.925503632145308],[110.9859193499102,-7.925347553434877],[110.98587923737982,-7.924986364674722],[110.98579901232183,-7.924736719716892],[110.98566075599474,-7.92450477504678],[110.98554924135998,-7.924429005746202],[110.98526390582212,-7.924522660435711],[110.9850096779915,-7.924558319013273],[110.98455043074512,-7.924344282691813],[110.98383695596092,-7.923871603078949],[110.98358727623888,-7.923604099217669],[110.98317259877624,-7.9231893849216135],[110.98299423019427,-7.923024373126188],[110.98274445963554,-7.9229530193975375],[110.98240109339447,-7.922953045345843],[110.98214250000277,-7.923046705473059],[110.98195076071367,-7.923122518919386],[110.98175010757147,-7.923060038144928],[110.98117934683403,-7.922792486780648],[110.98079141155586,-7.92250266242482],[110.98045695956998,-7.922083507432129],[110.98031424673523,-7.92170448939645],[110.98021173726846,-7.921147137503849],[110.98019390953574,-7.920678881387863],[110.98012696458184,-7.920335571226061],[110.98005565365553,-7.920103652653571],[110.98004673978994,-7.920050184577184],[110.98006456752115,-7.919564155954861],[110.98009130911831,-7.9193188774145336],[110.980167167937,-7.919118221670302],[110.98040347636474,-7.918690144542529],[110.98044804570233,-7.918574223234213],[110.98043467490092,-7.918373535779231],[110.98040793329847,-7.918262051875758],[110.98015370617995,-7.917999025682779],[110.97976131420005,-7.917584252036331],[110.97947597961516,-7.917361343106608],[110.97911478630172,-7.917258811985038],[110.97894978892812,-7.917111603434549],[110.9787981623589,-7.91695107459233],[110.97865099273221,-7.9168708192922175],[110.97846816768813,-7.916951090822846],[110.9782274025975,-7.91722307962461],[110.9781382640383,-7.917454997844408],[110.97808914687499,-7.91764225692757],[110.97789295110888,-7.917802796995792],[110.97758087527485,-7.917963285271192],[110.97741587804825,-7.917927625417622],[110.97709479749282,-7.917767099335973],[110.97689414491555,-7.9176199495588495],[110.97648392598418,-7.917009100773371],[110.97635458424831,-7.916808442757612],[110.9761985009851,-7.916661235219749],[110.97611381945373,-7.916621138100743],[110.97608707791836,-7.916612189102467],[110.97571251455194,-7.916465041163419],[110.97560545748046,-7.9164025967495],[110.97531557570703,-7.916273282347868],[110.9746957909942,-7.916135115485914],[110.9746021956997,-7.916099403389148],[110.97413394643151,-7.9159210132723],[110.97401806658189,-7.915778364993129],[110.97405817883663,-7.915724843098915],[110.97423208957558,-7.915662443602213],[110.9744683971875,-7.915649067959716],[110.9746021956997,-7.9156356435324575],[110.97491427099212,-7.915595494110137],[110.97509709565792,-7.9155063678892095],[110.9752175234584,-7.915381466468913],[110.97519969577743,-7.915314591420316],[110.97505698337883,-7.915203136432601],[110.97475818786003,-7.9150916901048385],[110.9746021956997,-7.915020280854246],[110.97441045725039,-7.914931143058747],[110.97434796943972,-7.914801774855069],[110.97433905560374,-7.914636838948615],[110.97429448642453,-7.914507474981906],[110.97415177410139,-7.914289018461204],[110.97394220803467,-7.914052657093272],[110.97378166807472,-7.913972391949164],[110.97363004196208,-7.913981337654917],[110.97336699297315,-7.914057173323124],[110.97302808551807,-7.914150771282432],[110.97280960576113,-7.914244423386],[110.97268026430291,-7.914400517562764],[110.97263123825343,-7.91448970146425],[110.97256884146523,-7.914610078313195],[110.9723993878085,-7.914931087969516],[110.9721719943074,-7.915345827497615],[110.97195788061447,-7.9156400935689],[110.9717438579058,-7.915858629996485],[110.97140049386284,-7.916054846546951],[110.97107059157473,-7.916157386439402],[110.97073614148462,-7.916175186412187],[110.97040614836794,-7.916094918676213],[110.97015201369052,-7.915947813366582],[110.96992898643872,-7.915751575493051],[110.9695232260854,-7.915368124880118],[110.96907289678639,-7.914957841992278],[110.9687607316062,-7.914721579541369],[110.96868496425031,-7.9146680000552365],[110.96825682872675,-7.914391547295106],[110.96800269437107,-7.914302371386205],[110.96793584085147,-7.914271137813409],[110.96793138395027,-7.914271213963968],[110.9677217276922,-7.914440601707087],[110.96764596038277,-7.914476310471298],[110.96739628301852,-7.914592210464854],[110.96719563158234,-7.914453986757258],[110.9671376009357,-7.9144094354070615],[110.96696814782061,-7.914217685370345],[110.9668923805449,-7.914025899789575],[110.9667674964352,-7.913776241199743],[110.96665607398532,-7.913468575481979],[110.96661141405032,-7.913165339723355],[110.9665668450736,-7.912839837430564],[110.96655347438082,-7.9127773530939605],[110.96649553471329,-7.912496449694993],[110.96589803769264,-7.912928950914852],[110.96557695930785,-7.913085028597765],[110.96510871252643,-7.913254519003096],[110.96488577689587,-7.913370428722459],[110.96323145172633,-7.91379403247597],[110.9622148266028,-7.9140258860551125],[110.96165289522025,-7.914190945503659],[110.96129616257552,-7.914485219715381],[110.96192940400266,-7.914529823512493],[110.96243330499297,-7.914694777935021],[110.96216125301355,-7.915113982454753],[110.96208102906813,-7.915528654288239],[110.96187146449417,-7.9159700792576135],[110.96163952456648,-7.916447250546055],[110.96138539120801,-7.917093749865663],[110.96132299483453,-7.917356901164966],[110.96103311550311,-7.917981132893554],[110.96146115823603,-7.91825761725192],[110.96182680468598,-7.918560804069537],[110.96210331349704,-7.9188372905676445],[110.96269635228475,-7.918877396119901],[110.96307091278028,-7.918895289194113],[110.96320025350502,-7.9189755505649515],[110.96322699483753,-7.919202922491031],[110.96332513735062,-7.9193188405324335],[110.96364166745971,-7.919408052283833],[110.96381112024083,-7.919430395483397],[110.96374872377731,-7.919675600008986],[110.96344993024859,-7.919983264290823],[110.9632626499482,-7.920277573283988],[110.96340090446614,-7.920451528683711],[110.9637175255464,-7.92058079800106],[110.96400285749309,-7.920705666162499],[110.96403405572926,-7.920848371276112],[110.96402959883832,-7.920848369147144],[110.96359709856142,-7.9213700925219115],[110.9635213314371,-7.921486013278619],[110.96349004225348,-7.921588553441267],[110.96342318891253,-7.921869516524562],[110.96330721883761,-7.921954219838288],[110.96307091278028,-7.922154903012895],[110.96292820140145,-7.922275267820133],[110.96288808940997,-7.922582904716985],[110.96283014986841,-7.922837141542299],[110.9628034085422,-7.922886131581673],[110.96266961096069,-7.923296364264113],[110.96267852473532,-7.923394531245449],[110.96268743851002,-7.923505948801021],[110.96270080917213,-7.923679857507227],[110.96253581338982,-7.923969728669795],[110.96169309813908,-7.924674228553129],[110.96155484376165,-7.925102350447938],[110.96152364557148,-7.925213831418992],[110.96138984809191,-7.9252628576957465],[110.96119365425436,-7.925200437932816],[110.96105985680113,-7.92515584536947],[110.96081018041285,-7.92517815922719],[110.96066301234421,-7.925258385510069],[110.96059615911581,-7.9253475828571025],[110.96042670665906,-7.925806904027065],[110.96029736614805,-7.925971821379834],[110.959985202593,-7.926065464478537],[110.95978900891991,-7.926145748385709],[110.95973106948539,-7.926168068359918],[110.95971769884694,-7.9261680621982675],[110.95943227667202,-7.926279516995374],[110.95912911799081,-7.9263598303695835],[110.95887043717939,-7.926426682646449],[110.95877238588369,-7.926538136627625],[110.95863413174739,-7.926756685898605],[110.95850479137499,-7.926881539319571],[110.95832642537856,-7.9269439554080465],[110.95817034377772,-7.9269082896748415],[110.95816588690238,-7.926908287618336],[110.9568816706057,-7.926622857643034],[110.95683710188732,-7.926658592350925],[110.95678361942684,-7.926796806604181],[110.95661416735682,-7.927108967730731],[110.95658742612994,-7.9273096116268995],[110.9565695986456,-7.927429966089301],[110.95648482714104,-7.928116670143928],[110.9564669996578,-7.9281523399271885],[110.956382319115,-7.928295013174002],[110.95631983197178,-7.928406493224108],[110.95612363872952,-7.928763269284433],[110.95615483681888,-7.92893712764387],[110.95627080639818,-7.92921358622709],[110.95634657319435,-7.929476701647586],[110.95639123285615,-7.930051970069559],[110.95639568972673,-7.930127721402217],[110.95635994380581,-7.9302659568605725],[110.95633320258302,-7.930364042978555],[110.95625743578745,-7.930658382760688],[110.95622178082604,-7.9308055542156435],[110.95619049177888,-7.930939323561221],[110.956145923079,-7.9311132318888005],[110.95603004446492,-7.931857909027386],[110.95594972985724,-7.932236872372701],[110.95589624742529,-7.93252229172754],[110.95586504934076,-7.93269174075854],[110.95584276499504,-7.932843314635788],[110.95586950620994,-7.932923627272441],[110.95568668362681,-7.934056168854992],[110.95646254278702,-7.933860039372098]]]},"id":"000500000000000016b9","properties":{"FCODE":"BA03070040","KDBBPS":"3312","KDCBPS":"3312080","KDCPUM":"33.12.06","KDEBPS":"3312080002","KDEPUM":"33.12.06.2002","KDPBPS":"33","KDPKAB":"33.12","KDPPUM":"33","LUAS":6.3369391,"LUASWH":0.0,"METADATA":"TASWIL1000020221227_DATA_BATAS_DESAKELURAHAN","NAMOBJ":"Bulurejo","OBJECTID":17241,"REMARK":"Wilayah Administrasi Kelurahan/Desa","SRS_ID":"SRGI 2013","TIPADM":1,"UUPP":"Hasil Delineasi Batas Desa 2017","WADMKC":"Nguntoronadi","WADMKD":"Bulurejo","WADMKK":"Wonogiri","WADMPR":"Jawa Tengah","WIADKC":"","WIADKD":"","WIADKK":"","WIADPR":""}},{"type":"Feature","geometry":{"type":"Polygon","coordinates":[[[110.98012696458184,-7.920335571226061],[110.98019390953574,-7.920678881387863],[110.98021173726846,-7.921147137503849],[110.98031424673523,-7.92170448939645],[110.98045695956998,-7.922083507432129],[110.98079141155586,-7.92250266242482],[110.98117934683403,-7.922792486780648],[110.98175010757147,-7.923060038144928],[110.98195076071367,-7.923122518919386],[110.98214250000277,-7.923046705473059],[110.98240109339447,-7.922953045345843],[110.98274445963554,-7.9229530193975375],[110.98299423019427,-7.923024373126188],[110.98317259877624,-7.9231893849216135],[110.98358727623888,-7.923604099217669],[110.98383695596092,-7.923871603078949],[110.98455043074512,-7.924344282691813],[110.9850096779915,-7.924558319013273],[110.98526390582212,-7.924522660435711],[110.98554924135998,-7.924429005746202],[110.98566075599474,-7.92450477504678],[110.98579901232183,-7.924736719716892],[110.98587923737982,-7.924986364674722],[110.9859193499102,-7.925347553434877],[110.98611108963732,-7.925503632145308],[110.9863384849767,-7.925472434204621],[110.98682010840345,-7.9251469454387715],[110.98716347551692,-7.924656388330766],[110.9870385899338,-7.925360967670779],[110.98694053702047,-7.9258247248845155],[110.98731955976886,-7.926092270765866],[110.98723924368645,-7.926600574104635],[110.98710990114698,-7.927055395858667],[110.9869270752109,-7.927733168388558],[110.98682456535363,-7.928005176400434],[110.98648119830685,-7.928865815283489],[110.98661054079972,-7.929200237005009],[110.98660162690047,-7.929672915218326],[110.98664173944746,-7.929886966196145],[110.98664173944746,-7.930176818302638],[110.98679782365274,-7.930252605433654],[110.98695390787196,-7.930462146700315],[110.98702521908167,-7.930752025833908],[110.98714119076183,-7.930792125489495],[110.98725707149151,-7.930854574598807],[110.98742652660691,-7.93105079262366],[110.98755141221778,-7.931367343998741],[110.98746663917288,-7.931523420330532],[110.98728827015081,-7.931840035643132],[110.98712336295796,-7.932138776642509],[110.98702521908167,-7.93229485082325],[110.98672196454424,-7.933088607474075],[110.98628500159022,-7.934225674562222],[110.98622706125668,-7.93435941777666],[110.98622706125668,-7.934363886987746],[110.98601749372422,-7.93453780791231],[110.98579000746861,-7.934698320669823],[110.98575435188866,-7.934725045873521],[110.98567858378368,-7.934805310372356],[110.98562510041745,-7.934965872354409],[110.98560718167096,-7.935099635718524],[110.9858034692694,-7.9351442269448],[110.98602195067237,-7.935264650930311],[110.98649902610418,-7.936000348691651],[110.98665956724643,-7.936276866202291],[110.98678445280244,-7.936486411191372],[110.98694945092144,-7.936682639610711],[110.98710990114698,-7.936847586029149],[110.98730618891457,-7.9369501983817665],[110.98750684269795,-7.93701706186559],[110.98769412564712,-7.937048244529633],[110.98808206246582,-7.936981394664393],[110.98837185541866,-7.936963524654447],[110.98871522283706,-7.936731688166468],[110.98907196119055,-7.93634374616632],[110.98940195787596,-7.935857711256271],[110.98954458049793,-7.935643625667608],[110.98966500930257,-7.935572308389773],[110.98976761028466,-7.935487578016526],[110.98991914685251,-7.9354340739980005],[110.99014217668687,-7.935367175471884],[110.99031599808234,-7.935344884418588],[110.9904720826154,-7.93534931954381],[110.99064599500193,-7.935367167685137],[110.99076642388218,-7.935389468099393],[110.99079762260402,-7.935393947045215],[110.99082882132642,-7.935398425986768],[110.99090022365235,-7.935483122460443],[110.99098490590508,-7.935670383689562],[110.99109642088642,-7.936192132979946],[110.99117664618736,-7.936450744962141],[110.9912167588392,-7.936544375788998],[110.99123458668474,-7.936584525908232],[110.9912746993379,-7.936767306437677],[110.99128816118088,-7.936829796755757],[110.99123458668474,-7.937132989185896],[110.9911989309938,-7.937364831965687],[110.99116327530362,-7.93765022886284],[110.99108295904492,-7.937846467337736],[110.99102501855253,-7.938064976673935],[110.99101164766995,-7.938225476943912],[110.9910785020839,-7.938421677798413],[110.99116327530362,-7.93853758775571],[110.99128816118089,-7.9386579789244305],[110.99139958522308,-7.938698157502663],[110.99151110023078,-7.938756130308097],[110.99159578251293,-7.938831899105149],[110.99177415197349,-7.938894360622878],[110.99188566700492,-7.938929986360653],[110.99204175167743,-7.938930026806418],[110.99221557326085,-7.938907730293563],[110.99222448718866,-7.938912202233433],[110.99237611492694,-7.938849748671779],[110.99251437178424,-7.938773961713039],[110.99267045651253,-7.93871150965405],[110.99280425642755,-7.938738281086992],[110.99289339573755,-7.938800720659748],[110.99297807808625,-7.938947841200186],[110.99300045387402,-7.938987988517492],[110.99319219437596,-7.939344724408284],[110.99336610703143,-7.939496335333997],[110.99360687421407,-7.9395899415379585],[110.99389221111039,-7.939607815874777],[110.99428460626726,-7.939563222414697],[110.99465025969081,-7.939242149981287],[110.99459677605101,-7.938903251344466],[110.99453437847326,-7.938305761175057],[110.99457894817142,-7.937975754991469],[110.99466808757111,-7.937743851064518],[110.9948197155195,-7.937503101422324],[110.99528797035764,-7.93736930332661],[110.99559113541511,-7.937052702486049],[110.9957115646333,-7.936557756364379],[110.9958453647788,-7.936276864243991],[110.99610396019406,-7.9360806091165665],[110.99613961598415,-7.9355455872270575],[110.99621092756648,-7.9352378727125705],[110.9963402707754,-7.935095211732494],[110.99657212441338,-7.934970300953106],[110.99681743996685,-7.934965895417717],[110.997147347144,-7.935063992481329],[110.99757103282296,-7.935175435502287],[110.99839593766923,-7.935523218053371],[110.99936355727226,-7.9358442974354535],[110.99989866805701,-7.935915624758261],[111.00021520485389,-7.935799751593138],[111.00051400472668,-7.935732792057451],[111.00094651422026,-7.93584431375745],[111.00113825558135,-7.93615201396604],[111.00125422818877,-7.936785145541527],[111.00155293727663,-7.937306919463509],[111.00226641923426,-7.93772608163112],[111.00247153170594,-7.937748319454349],[111.00275696098504,-7.937761713829613],[111.00310024023568,-7.9378018635594545],[111.00325186890285,-7.93781969610131],[111.00337229863925,-7.937837520403219],[111.00356404026046,-7.937859832221826],[111.0037914378454,-7.937962359992376],[111.00384046476847,-7.938015922365686],[111.00408132432847,-7.938256674292619],[111.00442906082735,-7.93864462260684],[111.00470111943254,-7.938925525531422],[111.00473231839926,-7.93907269842558],[111.00462971655155,-7.939224312115135],[111.00450046370034,-7.93932244270443],[111.0043354639446,-7.93938034763449],[111.00400546447868,-7.939375884083047],[111.00371121197412,-7.939438304116442],[111.00356404026046,-7.939469555724809],[111.00332327172897,-7.939625605636426],[111.00316272907297,-7.939723734260581],[111.00301110041335,-7.939830725257647],[111.00296207351295,-7.939951144925831],[111.00297098749475,-7.94008937760346],[111.00301110041335,-7.940218679957978],[111.00399655049175,-7.9411328078998284],[111.00436220591061,-7.941476153011972],[111.00495525913644,-7.94193990222706],[111.00544580162291,-7.942247595145214],[111.00597190927064,-7.942532953600105],[111.0061547371718,-7.942617670740756],[111.00646690903403,-7.9427692939304375],[111.00681027995316,-7.943005604300056],[111.00690833396538,-7.943063569600119],[111.0070777909583,-7.943068071405658],[111.00728736098121,-7.943005621502434],[111.00748801702426,-7.942947638957561],[111.00749247402636,-7.942947639935895],[111.00782693113494,-7.942809392649102],[111.00804987225537,-7.942715818312211],[111.00834421642878,-7.942653382611174],[111.00854487258934,-7.942653343195372],[111.00869641075619,-7.942724726507956],[111.00871878674106,-7.942599824361594],[111.00879009882486,-7.942292172290902],[111.00881684085701,-7.942185153458462],[111.00892835695453,-7.941694665388151],[111.00893727096587,-7.941672321753099],[111.0093162984077,-7.940731458516663],[111.00951695467614,-7.940405965223793],[111.00979338009782,-7.9400448179120255],[111.009953923345,-7.9398039952913715],[111.01010109558068,-7.9395899845301],[111.01015012267546,-7.939393754184366],[111.01014120865811,-7.9392064488962015],[111.01007881053806,-7.9389389263563],[111.01003414949423,-7.938542051035657],[111.01003414949423,-7.93850637835444],[111.01003414949423,-7.938461767929184],[111.01002523547749,-7.937810801908041],[111.01008772455506,-7.937623513278801],[111.01019914977155,-7.937489710884785],[111.01031512296332,-7.937485265331552],[111.01035969305468,-7.937333650402559],[111.01050686532334,-7.936861009929365],[111.01074317780444,-7.936606814609868],[111.0107565488349,-7.936339242841517],[111.01082786099897,-7.936201043857712],[111.0110508934486,-7.936022654998532],[111.01102406042405,-7.935893374740098],[111.01099731835929,-7.935706075527596],[111.01112666263532,-7.935567809561046],[111.01121134584774,-7.935429616035925],[111.01115340470197,-7.9353091832233],[111.01105535045949,-7.935050604769056],[111.0111400336686,-7.934912334121477],[111.01119797481394,-7.934769666856915],[111.01114894769083,-7.9346671116746466],[111.0111355766575,-7.934524426767511],[111.01119797481394,-7.934421822038633],[111.01134514715064,-7.934167695169183],[111.01133177611584,-7.934132021629878],[111.01129612002354,-7.9340071280267255],[111.01111774861317,-7.933784207937791],[111.01104197942682,-7.9334943605943],[111.01103306540512,-7.933467625504218],[111.01095720526291,-7.933298198606018],[111.0107832908961,-7.93313321450986],[111.01061829056559,-7.932932484776211],[111.01060046252637,-7.932803207248367],[111.01074763481459,-7.932450937779217],[111.01080557594739,-7.932299339396469],[111.01077437687564,-7.932183386494149],[111.01066740863374,-7.9320094802880545],[111.01060937654596,-7.931866793038114],[111.0105960055166,-7.931675039209127],[111.01053806439047,-7.931336130028486],[111.01045783821891,-7.931189042919668],[111.01012783763221,-7.9306182630681885],[111.0100921815636,-7.930399774196907],[111.01008772455506,-7.930306094567831],[111.01008772455506,-7.930172358142668],[111.01004306351103,-7.9301946135217785],[111.00980229411344,-7.9302525599003015],[111.00935195446104,-7.93038194511728],[111.00916466922958,-7.9304042383311],[111.00903532509368,-7.930381942734192],[111.00899966904659,-7.93040866437134],[111.00878118481424,-7.930480022323813],[111.00874998577738,-7.93048448177828],[111.0085181305612,-7.930444361432393],[111.00846455554687,-7.930435414068767],[111.0082995554278,-7.930377439134766],[111.00804987225537,-7.930190169957548],[111.00802758723802,-7.93015896321978],[111.00785367315284,-7.9299761059479055],[111.00780018911746,-7.929936031770694],[111.00760844704449,-7.929828974729014],[111.00752367304148,-7.929793286079719],[111.0074969310285,-7.9297799515064415],[111.0073319309979,-7.9297309124559],[111.0071759359443,-7.929668466020439],[111.00709116196163,-7.929614982099893],[111.00699310793945,-7.92955694264895],[111.00671659198727,-7.929356342308978],[111.00668539298611,-7.9293251328604875],[111.00649365103173,-7.9291110695119364],[111.00644462403623,-7.929030781283368],[111.00631082309614,-7.928888072287699],[111.00614136617541,-7.928758835878923],[111.00534319973445,-7.928669636406648],[111.0045717756171,-7.928504637247322],[111.00412143727193,-7.928241500730333],[111.00394306657104,-7.92787590777194],[111.00395643755107,-7.927238276332127],[111.00395643755107,-7.9271356625528755],[111.00396535153781,-7.9266719064063915],[111.00398317951141,-7.925731077684993],[111.00387612071339,-7.925142503051463],[111.00396535153781,-7.9250443853799535],[111.00409915230323,-7.924825878411757],[111.00411698027818,-7.9246564093891125],[111.00405449140763,-7.924433458325963],[111.0039920934983,-7.924192709109162],[111.00398763650485,-7.923951901762676],[111.00404112042688,-7.923684306607773],[111.00414817923475,-7.923282998903074],[111.00414817923475,-7.92326520520915],[111.00412143727193,-7.923109129105946],[111.00400100748519,-7.922846029142088],[111.00384937875464,-7.9224759226971155],[111.00382709378933,-7.9222841842467435],[111.00387166372023,-7.922141460290989],[111.00398763650485,-7.9219898993282944],[111.00444688880556,-7.92143250168505],[111.00471449041822,-7.921222909162217],[111.00458514660183,-7.921169410854507],[111.00442460383282,-7.921080236901537],[111.00425514708995,-7.921031192090066],[111.00402774944621,-7.921022259062747],[111.00349709441694,-7.9212719736309305],[111.00322512695342,-7.921459220868281],[111.00299327244942,-7.921655419058637],[111.00275250399467,-7.921824885649093],[111.00239130589382,-7.922096922004205],[111.00235564997847,-7.922105845384477],[111.00223522031047,-7.922141473171839],[111.0021817364424,-7.922163794242556],[111.0019899949693,-7.922248544900468],[111.00171793677593,-7.922284202318107],[111.00142814163458,-7.922293118784622],[111.00106248681523,-7.922275283011709],[111.00069237508556,-7.922248509088177],[111.00038911819843,-7.9222262266697445],[111.00020629088586,-7.922208372050489],[111.00000117867444,-7.922217317598687],[110.99977378157186,-7.922252984992836],[110.99947061579986,-7.922328759274415],[110.99928333159988,-7.9223733772653455],[110.99896224702896,-7.922444681867712],[110.99889984929754,-7.922453595488415],[110.998641162516,-7.921704520089403],[110.99852528103744,-7.921249677831315],[110.99846724934224,-7.921258597223948],[110.99832462599906,-7.921271948533606],[110.99819528264545,-7.92129424560375],[110.9980079985798,-7.921320989216844],[110.99782071453389,-7.92132993897122],[110.99758886073268,-7.921294269883141],[110.99735691600304,-7.921222939255045],[110.99722320670209,-7.921147089100007],[110.99698689600301,-7.921026681388913],[110.99676386530282,-7.920946417277992],[110.99668809672308,-7.920915269114531],[110.99635809867273,-7.920839432211452],[110.9960371055896,-7.920763593401728],[110.99592559029578,-7.920727968081905],[110.99551982385778,-7.9206120451898165],[110.99543059345652,-7.920616483899937],[110.99511405751284,-7.920603119917167],[110.99500699924815,-7.92052281509552],[110.99475731793389,-7.920344471325818],[110.99444514812176,-7.920041237499249],[110.99418209598026,-7.919555220781116],[110.99407058080347,-7.919292117363458],[110.99402155414967,-7.919095897737436],[110.99382535658958,-7.9183601760479965],[110.9937852438783,-7.918083696018249],[110.99374504020942,-7.917726956025904],[110.99372721233844,-7.9175218953659705],[110.99341513366701,-7.917339059736216],[110.99294687932574,-7.917124972375025],[110.99292459449713,-7.917116105827789],[110.99273285402431,-7.916937708088413],[110.99250100089033,-7.9167192395824895],[110.9924564312447,-7.916536430236252],[110.992420775529,-7.9163669501861404],[110.9923983997486,-7.9161886235216965],[110.9923226313561,-7.916032530948438],[110.99223349207499,-7.915921032901991],[110.99215763273114,-7.915818480935554],[110.99187229611579,-7.915657994212859],[110.99167609879508,-7.915510791541991],[110.9915155571929,-7.915390410773599],[110.99135947256708,-7.915310163747733],[110.99106067423992,-7.915319060144282],[110.99075750996177,-7.915327949635608],[110.99062816716234,-7.915350316722368],[110.99052120012868,-7.915314606685597],[110.99050773829157,-7.915296734384967],[110.9902090310677,-7.915069378714238],[110.98999500609968,-7.91481070628543],[110.98993697468487,-7.914828557257618],[110.98964272451559,-7.914957844967857],[110.98958478407076,-7.915047019891975],[110.9894732691855,-7.915220987451767],[110.98937512517732,-7.915238821309399],[110.98930827082829,-7.9152298567131165],[110.98909870292624,-7.915194184750462],[110.98895598938229,-7.915225402809771],[110.98868402415229,-7.9153324404042],[110.98859033714307,-7.915457270333352],[110.98853239673305,-7.9156847163454325],[110.9884208819148,-7.91586754410386],[110.98831391501591,-7.915912098872047],[110.98806423465233,-7.915916620607171],[110.98760935259527,-7.9159031911074775],[110.98751129964988,-7.916001286801334],[110.98729718405357,-7.916197480662811],[110.98699402042708,-7.916380306525748],[110.9866818519954,-7.916451669005446],[110.98636531762872,-7.916523024822377],[110.98617803482216,-7.916509622643382],[110.98594163464969,-7.916438276171128],[110.98586140958884,-7.916340179840416],[110.98590597906663,-7.916170728279663],[110.98583021095506,-7.915889838148298],[110.9857008685201,-7.915698054548139],[110.98568749767821,-7.915689191079042],[110.98554924135998,-7.915577670545098],[110.98539761421307,-7.915711491178014],[110.9852416210913,-7.915854163135072],[110.98512564953754,-7.91598345395572],[110.98500076410043,-7.916188619359963],[110.98492053908295,-7.916384785956343],[110.98466631130249,-7.916839643083701],[110.98438988979733,-7.917263213096211],[110.9843274925831,-7.917339065628791],[110.98407326488939,-7.917655653911322],[110.98373444628564,-7.918056941697378],[110.98326619453617,-7.918551941201798],[110.98297185453457,-7.918846179436549],[110.9828693449104,-7.918944280330589],[110.98261075144882,-7.919202942232856],[110.98225847135728,-7.919474975200553],[110.98214695694097,-7.91955520516427],[110.98192401908776,-7.9197202075463435],[110.98142456927282,-7.919769237513209],[110.98105000474568,-7.919876248237809],[110.98061750015343,-7.920112582585672],[110.98005565365553,-7.920103652653571],[110.98012696458184,-7.920335571226061]]]},"id":"00050000000000001854","properties":{"FCODE":"BA03070040","KDBBPS":"3312","KDCBPS":"3312080","KDCPUM":"33.12.06","KDEBPS":"3312080003","KDEPUM":"33.12.06.2003","KDPBPS":"33","KDPKAB":"33.12","KDPPUM":"33","LUAS":5.1856807,"LUASWH":0.0,"METADATA":"TASWIL1000020221227_DATA_BATAS_DESAKELURAHAN","NAMOBJ":"Kulurejo","OBJECTID":17830,"REMARK":"Wilayah Administrasi Kelurahan/Desa","SRS_ID":"SRGI 2013","TIPADM":1,"UUPP":"Hasil Delineasi Batas Desa 2017","WADMKC":"Nguntoronadi","WADMKD":"Kulurejo","WADMKK":"Wonogiri","WADMPR":"Jawa Tengah","WIADKC":"","WIADKD":"","WIADKK":"","WIADPR":""}},{"type":"Feature","geometry":{"type":"Polygon","coordinates":[[[110.98307891206338,-7.893086014116978],[110.98323053900799,-7.893308953789266],[110.9835783623551,-7.893545244248048],[110.98406435100311,-7.893728092559056],[110.98419815025984,-7.893839592881992],[110.9842115210903,-7.894098191510777],[110.98431857869554,-7.894388027094196],[110.98447902867869,-7.894490614381598],[110.98479565366056,-7.894566401910325],[110.98497402242752,-7.89466899406411],[110.98513902037512,-7.894887475253226],[110.9851702189965,-7.895110431745105],[110.98510782175427,-7.895516234165486],[110.98525944887594,-7.895814952943435],[110.98570978241474,-7.895908600689817],[110.98549130105094,-7.896408048293672],[110.98565184210035,-7.896546286125333],[110.98593272075387,-7.8967781556723216],[110.98584803874571,-7.897063509754337],[110.98561172957615,-7.897478167078239],[110.98548684410417,-7.898062313512897],[110.9855046718913,-7.89825854973119],[110.98556261220081,-7.8983834170904],[110.98583912485037,-7.898454712143036],[110.98596837633747,-7.898530560965358],[110.98606206320602,-7.898695565874696],[110.98620031956496,-7.899315352826544],[110.98626717379507,-7.9003498309581435],[110.98622260430804,-7.900987486819508],[110.98575435188866,-7.901411152669855],[110.98565629904755,-7.901892680678209],[110.98535750169471,-7.902133522351972],[110.98503196271935,-7.902360950252411],[110.98496956548207,-7.902588349205022],[110.98522815929486,-7.902846944515355],[110.98562510041745,-7.90320372164768],[110.98575880883612,-7.903355281365603],[110.98579000746861,-7.903457885250034],[110.98577663662606,-7.903529196378272],[110.98560718167096,-7.903609445687931],[110.98529956139204,-7.903613917662776],[110.98477782588068,-7.903770017762477],[110.98443000229338,-7.903796731229478],[110.98438097590945,-7.903801173365284],[110.98431412175178,-7.903832409728159],[110.98422489192083,-7.903903766184391],[110.98414912388246,-7.904068780230987],[110.98414912388246,-7.9042337550873345],[110.98420260720333,-7.904358630548419],[110.98413575305251,-7.90459050291136],[110.98410455444967,-7.904907037915397],[110.98401086768651,-7.9054822614086016],[110.98396629825727,-7.90586580482336],[110.98394847048588,-7.9062938812106305],[110.98395738437155,-7.90665950809798],[110.98406435100311,-7.907118766752515],[110.98418477942951,-7.907818882245083],[110.98422934886436,-7.908050743942984],[110.98427391830036,-7.908304865569337],[110.98437651896552,-7.908929191234932],[110.98443891618152,-7.909611429631585],[110.98443000229338,-7.909905739571768],[110.98453705991209,-7.910115294316027],[110.98455043074512,-7.910298082259287],[110.98449249046935,-7.91043192773923],[110.98441217451725,-7.9105344156839035],[110.98424271969505,-7.910757410812218],[110.98368087202118,-7.911337100968445],[110.98350250338696,-7.911707218684697],[110.98359173318077,-7.912219953966317],[110.98364967342653,-7.9123805085580825],[110.98376118793948,-7.91262573700656],[110.98382358513336,-7.9128041656613854],[110.9840197815725,-7.913174220450207],[110.98449249046935,-7.913825242350975],[110.98455043074512,-7.913967927691676],[110.98463511269013,-7.914195358796012],[110.98469760087346,-7.91445844063829],[110.9848268522758,-7.914717090134111],[110.98504087661057,-7.9149801628319345],[110.98521033151054,-7.915207629036964],[110.98526836276834,-7.915283370262158],[110.98554924135998,-7.915577670545098],[110.98568749767821,-7.915689191079042],[110.9857008685201,-7.915698054548139],[110.98583021095506,-7.915889838148298],[110.98590597906663,-7.916170728279663],[110.98586140958884,-7.916340179840416],[110.98594163464969,-7.916438276171128],[110.98617803482216,-7.916509622643382],[110.98636531762872,-7.916523024822377],[110.9866818519954,-7.916451669005446],[110.98699402042708,-7.916380306525748],[110.98729718405357,-7.916197480662811],[110.98751129964988,-7.916001286801334],[110.98760935259527,-7.9159031911074775],[110.98806423465233,-7.915916620607171],[110.98831391501591,-7.915912098872047],[110.9884208819148,-7.91586754410386],[110.98853239673305,-7.9156847163454325],[110.98859033714307,-7.915457270333352],[110.98868402415229,-7.9153324404042],[110.98895598938229,-7.915225402809771],[110.98909870292624,-7.915194184750462],[110.98930827082829,-7.9152298567131165],[110.98937512517732,-7.915238821309399],[110.9894732691855,-7.915220987451767],[110.98958478407076,-7.915047019891975],[110.98964272451559,-7.914957844967857],[110.98993697468487,-7.914828557257618],[110.98999500609968,-7.91481070628543],[110.9902090310677,-7.915069378714238],[110.99050773829157,-7.915296734384967],[110.99052120012868,-7.915314606685597],[110.99062816716234,-7.915350316722368],[110.99075750996177,-7.915327949635608],[110.99106067423992,-7.915319060144282],[110.99135947256708,-7.915310163747733],[110.9915155571929,-7.915390410773599],[110.99167609879508,-7.915510791541991],[110.99187229611579,-7.915657994212859],[110.99215763273114,-7.915818480935554],[110.99223349207499,-7.915921032901991],[110.9923226313561,-7.916032530948438],[110.9923983997486,-7.9161886235216965],[110.992420775529,-7.9163669501861404],[110.9924564312447,-7.916536430236252],[110.99250100089033,-7.9167192395824895],[110.99273285402431,-7.916937708088413],[110.99292459449713,-7.917116105827789],[110.99294687932574,-7.917124972375025],[110.99341513366701,-7.917339059736216],[110.99372721233844,-7.9175218953659705],[110.99374504020942,-7.917726956025904],[110.9937852438783,-7.918083696018249],[110.99382535658958,-7.9183601760479965],[110.99402155414967,-7.919095897737436],[110.99407058080347,-7.919292117363458],[110.99418209598026,-7.919555220781116],[110.99444514812176,-7.920041237499249],[110.99475731793389,-7.920344471325818],[110.99500699924815,-7.92052281509552],[110.99511405751284,-7.920603119917167],[110.99543059345652,-7.920616483899937],[110.99551982385778,-7.9206120451898165],[110.99592559029578,-7.920727968081905],[110.9960371055896,-7.920763593401728],[110.99635809867273,-7.920839432211452],[110.99668809672308,-7.920915269114531],[110.99676386530282,-7.920946417277992],[110.99698689600301,-7.921026681388913],[110.99722320670209,-7.921147089100007],[110.99735691600304,-7.921222939255045],[110.99758886073268,-7.921294269883141],[110.99782071453389,-7.92132993897122],[110.9980079985798,-7.921320989216844],[110.99819528264545,-7.92129424560375],[110.99832462599906,-7.921271948533606],[110.99846724934224,-7.921258597223948],[110.99852528103744,-7.921249677831315],[110.998641162516,-7.921704520089403],[110.99889984929754,-7.922453595488415],[110.99896224702896,-7.922444681867712],[110.99928333159988,-7.9223733772653455],[110.99947061579986,-7.922328759274415],[110.99977378157186,-7.922252984992836],[111.00000117867444,-7.922217317598687],[111.00020629088586,-7.922208372050489],[111.00038911819843,-7.9222262266697445],[111.00069237508556,-7.922248509088177],[111.00106248681523,-7.922275283011709],[111.00142814163458,-7.922293118784622],[111.00171793677593,-7.922284202318107],[111.0019899949693,-7.922248544900468],[111.0021817364424,-7.922163794242556],[111.00223522031047,-7.922141473171839],[111.00235564997847,-7.922105845384477],[111.00239130589382,-7.922096922004205],[111.00275250399467,-7.921824885649093],[111.00299327244942,-7.921655419058637],[111.00322512695342,-7.921459220868281],[111.00349709441694,-7.9212719736309305],[111.00402774944621,-7.921022259062747],[111.00425514708995,-7.921031192090066],[111.00442460383282,-7.921080236901537],[111.00458514660183,-7.921169410854507],[111.00471449041822,-7.921222909162217],[111.00487057621751,-7.921142615969364],[111.00528080178032,-7.920933075026659],[111.00593625328412,-7.920505007779949],[111.0068236509545,-7.920157201249193],[111.00762181805176,-7.919934231796963],[111.00787150116498,-7.919738048996522],[111.00870987273079,-7.918832797236394],[111.00912455617377,-7.918565269989627],[111.00921369629897,-7.9185117688627535],[111.00934304044762,-7.918306693556123],[111.00934304044762,-7.918052513505912],[111.0093162984077,-7.917481758402222],[111.00931184140109,-7.916531909523388],[111.00932966942761,-7.9163758692860595],[111.00936086847447,-7.916268819194366],[111.00944555160436,-7.916148464983231],[111.00955261073344,-7.916108292602384],[111.00982903616055,-7.9162777581317645],[111.00993609531231,-7.916331244379021],[111.009953923345,-7.916344653079129],[111.00998066539435,-7.916358065009024],[111.01024817686897,-7.916442724305268],[111.01061383355578,-7.9164694942166705],[111.01093492020973,-7.916384797925636],[111.0111444906797,-7.916193084617917],[111.01129612002354,-7.915947821437472],[111.01159483077757,-7.915702534289401],[111.01189363254018,-7.915528642352422],[111.01241091899549,-7.9152610907393415],[111.01256245748559,-7.91520314928143],[111.01278103313307,-7.915122886197001],[111.01298168978474,-7.915020285358471],[111.01408748479356,-7.914676918622842],[111.01440411504183,-7.914578822969394],[111.0144575992719,-7.91444952917809],[111.01479205766455,-7.914043756015174],[111.01565262657627,-7.913727195305784],[111.01600937030274,-7.913597846985838],[111.01681645548682,-7.913000318004365],[111.0171865705178,-7.912536579937064],[111.01727580199749,-7.912384965630684],[111.01740059873275,-7.912175377559137],[111.0174095127856,-7.912162058331228],[111.0174184268385,-7.9121441937964345],[111.01769048739186,-7.911372761348427],[111.01786440241737,-7.910721756097235],[111.01737831360084,-7.9102223236540725],[111.01707068784829,-7.910084055151112],[111.0168967728981,-7.910021615756343],[111.01661134138907,-7.909870037620672],[111.01639731326632,-7.909562378479555],[111.01629480171789,-7.909161033903389],[111.01621894135656,-7.908982652277554],[111.01606731160298,-7.908715141727837],[111.015839912476,-7.908358424277328],[111.01579534225044,-7.90828709595385],[111.01570165382063,-7.908130963903203],[111.0154341415441,-7.90779209880849],[111.01525131270714,-7.907475522856008],[111.01510414005463,-7.907203471848852],[111.01509076899225,-7.907176744849502],[111.01501499964048,-7.906935984889145],[111.01489011210839,-7.906744186996955],[111.01466717014769,-7.90640980924606],[111.01462705697038,-7.906342871939518],[111.01457357273534,-7.906307195619678],[111.01456465869632,-7.906298337116142],[111.0143193407212,-7.905941544448286],[111.0138600859132,-7.905691862916626],[111.0134721434888,-7.905526918535607],[111.01274082903781,-7.90522368890755],[111.01254462942727,-7.905107715266053],[111.01250005928225,-7.9050497875820644],[111.01246886018139,-7.905009653526833],[111.01241983302397,-7.904902591520172],[111.01221026240682,-7.904768824067156],[111.01202743389337,-7.9046707220132895],[111.01192928864421,-7.90457265564711],[111.01189808955316,-7.904452201654018],[111.01190254656612,-7.904403149649093],[111.01186243344975,-7.904198062615947],[111.01185797643687,-7.904175806311087],[111.01167514795885,-7.903952797524139],[111.01150569053523,-7.903850234412681],[111.01147894846339,-7.903716461937001],[111.01148786248727,-7.903489064830725],[111.01141645933785,-7.903395398765848],[111.01133623312742,-7.903283936459782],[111.01131840508114,-7.90324380855845],[111.0111355766575,-7.902784547296725],[111.01111774861319,-7.902744419587357],[111.01103306540512,-7.902557104252114],[111.01094829124159,-7.902387659821424],[111.01090372113578,-7.9022672810892685],[111.01076991986544,-7.902160267348233],[111.01064512358414,-7.902106771708579],[111.01026163885514,-7.901973010186131],[111.00993163830417,-7.9017901408048825],[111.00949912664777,-7.901544929978701],[111.0091334701861,-7.901312990962415],[111.00858944263707,-7.9010365461847565],[111.00824161437525,-7.9008938638890225],[111.00781801712908,-7.900751146316403],[111.00709116196163,-7.900581734383369],[111.0066764789859,-7.900479216360823],[111.00631082309614,-7.900345376813938],[111.00599419426257,-7.899970842394129],[111.00623505411136,-7.899551652083985],[111.00636430708731,-7.899368826264442],[111.00646245203444,-7.8992172462379076],[111.00650256503106,-7.899101296601366],[111.00647582303321,-7.89890954461733],[111.00634647909008,-7.898668776476267],[111.00611908118165,-7.898370056801628],[111.00602102721241,-7.898178272310299],[111.00598528026576,-7.8979775901748805],[111.0060343982079,-7.897839389190124],[111.0061681081683,-7.897616453312771],[111.0062707101038,-7.897438082781256],[111.00640005404149,-7.897223995945462],[111.00640451104091,-7.896943096464192],[111.00636876408666,-7.896787080236917],[111.00618593616375,-7.896474911363077],[111.00608342519222,-7.896247478140259],[111.00606559719778,-7.895890725167989],[111.00609679618817,-7.895583047173853],[111.0061458231742,-7.895435924388449],[111.0063420220908,-7.8952308104911095],[111.00651593603013,-7.895065802921781],[111.00653376402904,-7.895034627516519],[111.00622614011336,-7.895016772657831],[111.00583819932484,-7.89504800946943],[111.00555276955544,-7.895074752421714],[111.00533428574089,-7.895083659252553],[111.0050846029795,-7.895088162665955],[111.00478134534808,-7.895074779480499],[111.00441123284931,-7.89500784731561],[111.00420166316155,-7.89497664095542],[111.0039074106248,-7.894891954942984],[111.00385383574773,-7.894860748216048],[111.00369784099593,-7.894771503727478],[111.00342578254292,-7.894539685748487],[111.00323404093653,-7.8944103109139325],[111.00301555740437,-7.89432119575375],[111.00278815991793,-7.894231997449762],[111.00269892915215,-7.894209704502496],[111.00239576288328,-7.894138331567636],[111.00210141968432,-7.894098230394433],[111.0019319631613,-7.894142809636072],[111.00150391041622,-7.89439693520922],[111.00128097010872,-7.894535198662243],[111.00109814270476,-7.894655618386759],[111.00104465887073,-7.8946912421676085],[111.0007235739824,-7.89491424087541],[111.00038911819843,-7.8950836391100365],[111.00017509199809,-7.895172859130628],[111.00000117867444,-7.895226369838796],[110.9998674691746,-7.895253098843062],[110.99981389441865,-7.89529773880834],[110.9996043252699,-7.895471585831289],[110.9995151856221,-7.895578652721855],[110.99947507278205,-7.895681200294945],[110.99947061579985,-7.895908587939166],[110.99952409958668,-7.8961761244754465],[110.99962661018256,-7.8964526194555695],[110.99969801286373,-7.896688975807829],[110.99972029777756,-7.89690298096146],[110.99968018493288,-7.8970902353914445],[110.99956421242783,-7.897286468295713],[110.9993992131278,-7.897442557971851],[110.99913616025113,-7.897487094927256],[110.99893996212462,-7.897464825644676],[110.99868127533723,-7.897357823961418],[110.99864561949609,-7.897331085735728],[110.99813734191977,-7.896965374531104],[110.99800354160129,-7.896871751530723],[110.99777614475413,-7.896684442727872],[110.99764680144045,-7.896501650481869],[110.99757548980037,-7.896274219545307],[110.9975397430227,-7.896073610559236],[110.99749517325,-7.895957618615795],[110.99738374882315,-7.89568566147882],[110.99720983577255,-7.895453796085758],[110.9968620097225,-7.895172872016085],[110.9967059246239,-7.895083703631193],[110.99660787117156,-7.895052466325974],[110.99647852794308,-7.894981098739395],[110.99644287214618,-7.894963293066625],[110.9962064705925,-7.8948027823985525],[110.99609058927297,-7.894713551587787],[110.99598353094919,-7.894544093230063],[110.99594787516226,-7.894321150845338],[110.99588547753685,-7.894249813708937],[110.99565362398879,-7.893995665179985],[110.99535482493381,-7.89365231702953],[110.99517645511104,-7.893469501038734],[110.99493568771437,-7.893219736011238],[110.99484200037203,-7.893121667826159],[110.99444069115223,-7.892836247385443],[110.99398589840231,-7.8926534421947405],[110.99366927175902,-7.8925999190667495],[110.99331253247203,-7.892541985607172],[110.992848826082,-7.89250632404833],[110.99220220236921,-7.8924661824342035],[110.99173849627161,-7.892403721252405],[110.9915155571929,-7.892381427820975],[110.99106958816189,-7.892336845103587],[110.99077533780266,-7.892261072527097],[110.99042751302122,-7.892162942897404],[110.98974969149569,-7.89178835354431],[110.98943761353036,-7.8915252983804125],[110.98918338509198,-7.891320185455907],[110.98903184858777,-7.891199823538634],[110.98867065328757,-7.890914413346267],[110.98818011544323,-7.890544309687351],[110.98752021355378,-7.890285684851119],[110.98731510281743,-7.890160829496945],[110.98724815758894,-7.890120677657431],[110.98718576027233,-7.890102854834178],[110.98702076213098,-7.890058258074054],[110.98690033350843,-7.890040406214183],[110.98684239315448,-7.890027052120008],[110.98643662881435,-7.890027060319715],[110.98636531762872,-7.890035951221308],[110.98628500159022,-7.890044920012123],[110.98612000353405,-7.890285693626344],[110.98612000353405,-7.890477430446014],[110.98629391548785,-7.8906067357991665],[110.98620031956496,-7.890695929108144],[110.98616011606998,-7.890856462664722],[110.98573206715156,-7.890860925310254],[110.98533521696268,-7.89119536682051],[110.98519250372642,-7.891387107583994],[110.98503641966495,-7.8916991990234475],[110.98474217032145,-7.891841880389532],[110.98451923213486,-7.89177946137739],[110.98437651896552,-7.891962271947396],[110.98406435100311,-7.892078228333244],[110.98380130042099,-7.892091636803952],[110.98346684785392,-7.8921585277133035],[110.98317259877624,-7.892327931253552],[110.9830922828852,-7.892537501405111],[110.98303879959855,-7.89287637724346],[110.98307891206338,-7.893086014116978]]]},"id":"0005000000000000197f","properties":{"FCODE":"BA03070040","KDBBPS":"3312","KDCBPS":"3312080","KDCPUM":"33.12.06","KDEBPS":"3312080004","KDEPUM":"33.12.06.2005","KDPBPS":"33","KDPKAB":"33.12","KDPPUM":"33","LUAS":8.32322494,"LUASWH":0.0,"METADATA":"TASWIL1000020221227_DATA_BATAS_DESAKELURAHAN","NAMOBJ":"Semin","OBJECTID":18276,"REMARK":"Wilayah Administrasi Kelurahan/Desa","SRS_ID":"SRGI 2013","TIPADM":1,"UUPP":"Hasil Delineasi Batas Desa 2017","WADMKC":"Nguntoronadi","WADMKD":"Semin","WADMKK":"Wonogiri","WADMPR":"Jawa Tengah","WIADKC":"","WIADKD":"","WIADKK":"","WIADPR":""}},{"type":"Feature","geometry":{"type":"Polygon","coordinates":[[[110.93830507827488,-7.8990611823871975],[110.93877777429097,-7.8989719708383275],[110.93927721138971,-7.898878387668202],[110.93958036641824,-7.898802553264925],[110.93953579816868,-7.8990433264708715],[110.93945557532254,-7.899150348565974],[110.93948231627081,-7.899319839109293],[110.93956253911827,-7.899480351504113],[110.93969633482847,-7.899627491088097],[110.9398613283299,-7.899703319171865],[110.9400976310695,-7.899712252192119],[110.94016002664083,-7.899917355130279],[110.94017348807635,-7.900037762482198],[110.94018685855634,-7.900349832901415],[110.94021359951665,-7.900666460128528],[110.94028936557325,-7.900795772760332],[110.9404008772068,-7.900818104211925],[110.94053021615838,-7.9008180283602725],[110.9405435866413,-7.9009295838420615],[110.9404855569271,-7.901161423636071],[110.9404543591349,-7.901553818132351],[110.94037413624339,-7.902017595905558],[110.9404008772068,-7.902213744899202],[110.9404543591349,-7.902378790994089],[110.94047664327212,-7.90304763357855],[110.94042761817063,-7.903399891526315],[110.94042761817063,-7.90340882814145],[110.94028936557326,-7.90372536700541],[110.94018685855634,-7.9039661992396715],[110.9400352355006,-7.904358616923721],[110.94000849454322,-7.904452200601622],[110.93988806928486,-7.904514685365724],[110.93969633482847,-7.904679662513056],[110.93971416212992,-7.9049828994403715],[110.93941982976992,-7.905201360317064],[110.93930840915932,-7.9053217804684035],[110.93915232936172,-7.905665130920424],[110.93912558841889,-7.905754326911154],[110.93891593580409,-7.9061467262643825],[110.93926374996163,-7.906476668729549],[110.93936189105145,-7.906601531822393],[110.93943320024371,-7.906690712779136],[110.93994600802209,-7.906717441755934],[110.94019131538303,-7.906686228751536],[110.94046327278974,-7.906668442822664],[110.94069511878878,-7.906605946335538],[110.94088248749006,-7.906605976226046],[110.94091368529047,-7.906628259996005],[110.94109204940287,-7.906726360892624],[110.94141757987562,-7.906655059393874],[110.94146214817677,-7.90662827635039],[110.9418500743596,-7.906534671590173],[110.94194366781826,-7.906552447321199],[110.94221125964125,-7.906423176322394],[110.94223800063483,-7.906418724594069],[110.94240745122667,-7.90628046050878],[110.94245201955489,-7.906039663004667],[110.94268395679279,-7.905932635059962],[110.9427686366318,-7.905665132426783],[110.94294254411297,-7.905629411325612],[110.94299156929016,-7.905464425416844],[110.94307634010092,-7.9054332736696304],[110.94320567926489,-7.905294987546243],[110.94328590229578,-7.905237027729129],[110.94337503900141,-7.905196947012605],[110.94345980983209,-7.905152312050077],[110.94354003287548,-7.905103289125763],[110.94360697637048,-7.90506311138927],[110.94367382891237,-7.905076480067163],[110.94372731094785,-7.905138913646392],[110.94381208179682,-7.905170162089728],[110.9438878480207,-7.905192472964658],[110.94395479152993,-7.905232568443386],[110.94402164408606,-7.905259342013831],[110.94409295348228,-7.905277181673071],[110.94415989699993,-7.9052905454343705],[110.94422229272674,-7.9053039111271195],[110.94430260676342,-7.905312814876405],[110.94436945933377,-7.905312856700076],[110.94445868705436,-7.905308360976434],[110.94448542808475,-7.905294972700762],[110.94457902169445,-7.90528609455028],[110.9446682494265,-7.905259335557485],[110.94473064517267,-7.90525043789792],[110.94477075672506,-7.90520138983452],[110.94478858408198,-7.905147859580684],[110.94478858408198,-7.905072055074204],[110.94479304092125,-7.904947180514747],[110.94479749776053,-7.904898110414395],[110.94479749776053,-7.904862442440689],[110.94479304092125,-7.9047955720450185],[110.94478858408198,-7.904764369616962],[110.94477075672506,-7.904693022636069],[110.94478858408198,-7.904612761556733],[110.94484215710985,-7.904554781225601],[110.94493129390031,-7.904496828120369],[110.9450026942921,-7.904470058596825],[110.94506509005105,-7.904452224752116],[110.9451497700134,-7.904434404909826],[110.9452167135743,-7.9044255056393435],[110.94528356618198,-7.904434405727131],[110.9453548756332,-7.90443437208775],[110.94544410340752,-7.904447749622002],[110.94551986970697,-7.904465591732794],[110.94558681328299,-7.9045057647390005],[110.94563138169788,-7.90453699201508],[110.94566257958903,-7.90456374266466],[110.94571160484774,-7.904572631453188],[110.9457651779058,-7.904554787163391],[110.94580528948352,-7.904532471012817],[110.94583203053585,-7.904492351924323],[110.94584985790435,-7.904452227291364],[110.94584540106221,-7.904421025215131],[110.94584094422008,-7.90439429138851],[110.94584540106221,-7.904331817283812],[110.9458543147465,-7.904331822868394],[110.94587214211522,-7.90429169835151],[110.94587659895744,-7.904242629031849],[110.94589897412463,-7.904211439079592],[110.94593908570562,-7.904189123121599],[110.9460059383428,-7.904198101473399],[110.94604159308372,-7.904224854747643],[110.94609070930976,-7.904264937923516],[110.94616201879609,-7.904300649947722],[110.94619321669734,-7.9043095275222175],[110.94624669881513,-7.904296156314321],[110.94627353083068,-7.904251564507905],[110.94630472873405,-7.904193575637449],[110.94632701295112,-7.904162390502855],[110.9463582108555,-7.904086607311585],[110.94638049507327,-7.904033081246341],[110.94638940876048,-7.904001887835357],[110.94639386560408,-7.9039706916478485],[110.94638495191687,-7.903926082514865],[110.94637158138612,-7.903872534232335],[110.9463582108555,-7.90383239054171],[110.9463983224477,-7.903814621370697],[110.94626016030085,-7.903663008345966],[110.9461709324821,-7.90349802650094],[110.94608179562418,-7.903283968775229],[110.94608625246696,-7.903136836136081],[110.9461709324821,-7.903061009658945],[110.94636712454258,-7.9029985750752525],[110.94659897137956,-7.902971829696014],[110.94681308182618,-7.902940600120366],[110.94697807604666,-7.902882614038824],[110.94704047188078,-7.902780043839451],[110.94704047188078,-7.902623974106306],[110.94696907140025,-7.902463474610729],[110.9468576502744,-7.902343079420407],[110.94681753867094,-7.902249459602053],[110.94682199551572,-7.902084457625883],[110.94687993449895,-7.901941751980977],[110.94702264449936,-7.901825825776139],[110.94716981135788,-7.901758972637169],[110.9473392624604,-7.901647453627863],[110.94748633839124,-7.901531535851815],[110.94749970893106,-7.901384413939416],[110.94745514046541,-7.901241723335485],[110.9473838309229,-7.901081143931474],[110.94739274461554,-7.900911680272156],[110.94750862262434,-7.900621886290752],[110.94757110943466,-7.900327586809298],[110.94766470322052,-7.9000377032034965],[110.94770044895355,-7.89977913247861],[110.94769153525924,-7.899524928194899],[110.9477271900368,-7.899333225306943],[110.94772273318956,-7.899235086508033],[110.9477984995942,-7.899186067834866],[110.94798577815321,-7.89917709220056],[110.94824445726643,-7.899186029293502],[110.94852978656047,-7.8991949882083405],[110.94860118710879,-7.8990076949455],[110.9486457556055,-7.89872672287037],[110.94861010080804,-7.8984547137931855],[110.94855652765717,-7.898280832709322],[110.94854761395823,-7.898151497093336],[110.94861455765768,-7.89806233781893],[110.94869032410342,-7.898075712167678],[110.94881075000994,-7.898213972581002],[110.94896683072967,-7.898387841538751],[110.94908716570026,-7.898508235752998],[110.94925661700032,-7.898575122228875],[110.94942606831778,-7.898535017475637],[110.9496044333573,-7.898517178877027],[110.94984965120959,-7.898526111576718],[110.95013507173789,-7.89845472439608],[110.95030452314563,-7.898343292765722],[110.95033572112546,-7.898164917898504],[110.95032680741689,-7.898040051549299],[110.95046506086148,-7.8978260007843595],[110.95053191368258,-7.89768331368608],[110.95052745682776,-7.8975451266454115],[110.95042049231557,-7.897429133003463],[110.9502822388747,-7.897402398503448],[110.95012170117667,-7.897344454130048],[110.95004593466511,-7.89725081898276],[110.95005484837216,-7.897148225597794],[110.95014398544544,-7.897005554542641],[110.9502153860637,-7.896880659610097],[110.9502153860637,-7.896751333730747],[110.95013061488413,-7.896693439027151],[110.94989876754937,-7.8966845130446],[110.94978279841611,-7.896720182593972],[110.94973377303597,-7.896648825122576],[110.94975160044677,-7.896457042904646],[110.94980508268031,-7.896327752784786],[110.94987202643087,-7.8960379475827],[110.94984965120959,-7.895846145497136],[110.94978725526893,-7.895623196443766],[110.94968920450982,-7.895449288830168],[110.94959106280038,-7.895328918239464],[110.94973377303597,-7.895230801133165],[110.94991213810879,-7.895079176213564],[110.95006376207927,-7.894949871518225],[110.95022875662568,-7.894856237675511],[110.95035354854276,-7.894807178497992],[110.9505319136826,-7.894780409283399],[110.9508529891741,-7.894682329142655],[110.95104026808028,-7.894637774391055],[110.95137471424188,-7.894544092456731],[110.95145939452907,-7.894428152201467],[110.95154416577685,-7.894205224612214],[110.95169133303925,-7.8940447263942],[110.95187415518195,-7.893964430380585],[110.95223088580919,-7.893870765095613],[110.9525920733737,-7.893710249300822],[110.95285511911368,-7.8936344746820515],[110.9531494538847,-7.8935854417850235],[110.95352846910107,-7.893589837786224],[110.95389411381232,-7.8936388976231076],[110.95427758606377,-7.893728096096219],[110.9544648653573,-7.893754862068805],[110.95452280460877,-7.8936969036870135],[110.95479931221037,-7.8937860306204355],[110.9550623583004,-7.893839571444674],[110.95549940419556,-7.893888592485942],[110.95586504934076,-7.893901989270058],[110.95611918185966,-7.893875268739362],[110.95620395334561,-7.893897577384147],[110.95626634952794,-7.894053581071624],[110.95627080639818,-7.894218638577179],[110.95628863387932,-7.894383548434954],[110.95639123285615,-7.894521783433011],[110.95650711149537,-7.894651097298301],[110.95660525361447,-7.8948473264411625],[110.95661416735682,-7.8950212447467285],[110.9565472233339,-7.895190651981465],[110.9564669996578,-7.895315529500749],[110.95639568972673,-7.895395817746396],[110.95640460346794,-7.895395823493235],[110.95659633987218,-7.895426978692423],[110.95685492937453,-7.895471578808736],[110.95707786393724,-7.895534025180548],[110.95711360987357,-7.896078044773786],[110.95743459568226,-7.896051283743765],[110.9574792553732,-7.89606024220306],[110.95763078907889,-7.89610031013564],[110.95761741845723,-7.896269749023206],[110.95748816912021,-7.896425869258538],[110.95737665632939,-7.896568525448354],[110.95725622980021,-7.896617595454444],[110.95712252361864,-7.8966220563059055],[110.95696644213045,-7.896644377432533],[110.95677916255522,-7.896724598743884],[110.95676133506883,-7.89685390844593],[110.95679699004181,-7.8969520584844],[110.95676579194041,-7.8971482155413835],[110.9566275379704,-7.897420257736637],[110.9564313446919,-7.89779031524933],[110.95639123285615,-7.8979419509995],[110.95640460346794,-7.898089074898833],[110.95647145652859,-7.898205038194338],[110.95668547729723,-7.898236283972536],[110.95693078715384,-7.8982094662627755],[110.95713143736374,-7.898142574193894],[110.95730088948638,-7.897991014852589],[110.95763524595279,-7.89783940276389],[110.95793403844479,-7.897629843632798],[110.95806337877299,-7.897549583792602],[110.9581436025259,-7.897785861808788],[110.95831751162706,-7.8980044024932],[110.95851370512747,-7.898147088063533],[110.95872326928132,-7.8982808468022325],[110.95907554450021,-7.898552868259616],[110.95937433724986,-7.898784727077942],[110.95956607399525,-7.898829280475434],[110.95995400443203,-7.898824885219757],[110.96020377164946,-7.898749081503879],[110.96062735728873,-7.898566243439098],[110.96083246482485,-7.898459223680786],[110.96113125788803,-7.898307582446763],[110.96122039555493,-7.898147044531922],[110.96128724880822,-7.897991039226997],[110.96134527925336,-7.897768013069854],[110.96138539120801,-7.897553994679234],[110.96142996004761,-7.897375640438578],[110.96151473180295,-7.897130374832097],[110.96172429633239,-7.8971392777058975],[110.9617599514112,-7.897108106684038],[110.96194277465877,-7.896965416820272],[110.9619828866277,-7.896934170313646],[110.96240210678646,-7.896586356850555],[110.9624511325398,-7.896546259940192],[110.96294611991044,-7.8962207546559435],[110.96335187868513,-7.896033450552346],[110.96344547335922,-7.896033430184999],[110.96347221469563,-7.8960334467530044],[110.96358818478193,-7.896037902639419],[110.96393154724112,-7.896091398660968],[110.9642303408553,-7.896127076165287],[110.96464947061706,-7.896091430348992],[110.96477426361312,-7.896078027161811],[110.96482783728557,-7.896073588120063],[110.96511316942022,-7.8960736019782125],[110.96526925166667,-7.895649938143387],[110.96536739429871,-7.895507279927233],[110.96550110113748,-7.8954359664011236],[110.96553684725332,-7.895418115079225],[110.96588912390095,-7.895324434460797],[110.96613434414623,-7.895230849585554],[110.96629042648708,-7.895163934276773],[110.96645096573963,-7.895101488919612],[110.96661141405032,-7.895012324241394],[110.96695923402328,-7.894744739577751],[110.96726248507271,-7.8945173325067595],[110.96757910687725,-7.894205218476836],[110.96762813278103,-7.8941561900436445],[110.96778421525968,-7.893986692527884],[110.96786443947632,-7.8939020261317845],[110.96826574253089,-7.893509642268411],[110.96827920419437,-7.893491778029402],[110.96859127832877,-7.8931172149997275],[110.96882758515832,-7.892648960319888],[110.96902387084081,-7.892203092767917],[110.96915757796842,-7.891873101409655],[110.96927354844476,-7.8913692051469955],[110.96931811749268,-7.891061574893104],[110.96907289678639,-7.890981258609125],[110.96884104682627,-7.890851972894858],[110.96863139045571,-7.890749427930693],[110.96843073887328,-7.890749383894123],[110.96820334590285,-7.890553255689776],[110.9679937805683,-7.89025448215852],[110.96782432736752,-7.889875412286219],[110.96764150348231,-7.889500880194873],[110.9675344469179,-7.889188774983047],[110.96756127927623,-7.88872942688966],[110.96764596038277,-7.888243403227201],[110.96771727079155,-7.887708320856409],[110.96772172769221,-7.887324826599991],[110.96757464997698,-7.886829885261243],[110.96734270926464,-7.886433006199681],[110.9672090022802,-7.886089624968332],[110.96706629055133,-7.885750788535262],[110.96688792364644,-7.88550548957102],[110.96664270329183,-7.885313743329605],[110.96631271097165,-7.885099769270775],[110.96579098123857,-7.884943655401072],[110.96539413566562,-7.884805407324855],[110.965117626314,-7.884618187724662],[110.96505077290848,-7.884230190658388],[110.96506414358937,-7.883877981434195],[110.96524696719587,-7.8835123296169956],[110.96545653219006,-7.883155553097491],[110.9657731536564,-7.882901416097125],[110.96607640449308,-7.882785491093205],[110.9669235788345,-7.882727520777649],[110.96645542263694,-7.8824867367410905],[110.96608086138941,-7.8821299721627005],[110.96590695148434,-7.881915947605596],[110.9656705541055,-7.881692952227333],[110.96546098908475,-7.881492301762513],[110.96525588098416,-7.88118015605781],[110.96518902757316,-7.880952803706046],[110.96518457067918,-7.880810117887612],[110.96504631601489,-7.880368659132006],[110.9648412079647,-7.880435511986896],[110.9645958969503,-7.880466768800073],[110.96439524584679,-7.880417661105816],[110.96415448274549,-7.880274970418075],[110.96405197425001,-7.88015909112796],[110.96399394371142,-7.880011906747267],[110.96407425870501,-7.879441155945525],[110.9641366551806,-7.878843606079748],[110.96417231031056,-7.878513613329393],[110.96418568098449,-7.878304032420449],[110.96418568098449,-7.878250596745406],[110.96410991383364,-7.877978585085656],[110.96399394371142,-7.877773461733231],[110.96371306865632,-7.877630743478347],[110.96303080078539,-7.877274006987828],[110.96285243430724,-7.877193729231386],[110.96248678763402,-7.877109010270986],[110.96209885661123,-7.8770109547207],[110.9614879904977,-7.876961865877034],[110.96109996874893,-7.876957442896835],[110.96064964169831,-7.876979686647726],[110.96002094859153,-7.877091202642922],[110.95962401342406,-7.877189256158537],[110.95929857031621,-7.877265100872784],[110.95924945369838,-7.877291865943992],[110.95898195006997,-7.877412257885296],[110.95851370512747,-7.8775683188386445],[110.95805892189793,-7.877706520877428],[110.95759067721428,-7.877804679313754],[110.95731871697855,-7.877853688921738],[110.95722948856303,-7.877875958492412],[110.95668102042586,-7.878000854583002],[110.9564313446919,-7.8779875104508],[110.9562128670858,-7.877996363653101],[110.956145923079,-7.877991930809296],[110.95582484656217,-7.878036520412445],[110.95487507893951,-7.878205945473971],[110.95465214467195,-7.878223805581671],[110.95431769784851,-7.878272850960713],[110.95333673305085,-7.8785938714561095],[110.95308251000141,-7.878665230290413],[110.9525474138141,-7.878758871831406],[110.95224871324693,-7.878834737322695],[110.95203469305032,-7.878946162479805],[110.95186078460667,-7.879097815636807],[110.95175818590998,-7.879499093772789],[110.9514638513864,-7.879918258896923],[110.95120526272429,-7.8801545585877255],[110.95121417643762,-7.880399830542874],[110.95121863329429,-7.880480074206541],[110.95122754700769,-7.880640640170192],[110.95123200386439,-7.8807387502001545],[110.95116960787149,-7.880850210309474],[110.95109375035558,-7.881108826423329],[110.95108929349925,-7.881140088985174],[110.95102244065556,-7.881434362537415],[110.95092429886682,-7.881884715272404],[110.9508574460298,-7.882228047192772],[110.95079505005104,-7.8825669960988956],[110.95075484739543,-7.8829593330925105],[110.95074147682918,-7.88331611040657],[110.95088418716429,-7.884176721892892],[110.95096450152656,-7.884323865063234],[110.95094667410267,-7.88438184182417],[110.95078613633999,-7.884818849132499],[110.95074593368459,-7.88495706100443],[110.95076385206255,-7.8851220280728604],[110.9508173343289,-7.885273625366847],[110.9507593952071,-7.885933581817649],[110.95074593368459,-7.8861966533442125],[110.95084407546274,-7.886522175940847],[110.95082624804013,-7.887092990947929],[110.95082179118452,-7.887182170263302],[110.95081287747331,-7.887217821302292],[110.95068799456527,-7.8872624073757],[110.95059885746264,-7.887333737510366],[110.95046506086148,-7.887413974929333],[110.95030452314563,-7.887547797571083],[110.9502510408959,-7.8876057524076755],[110.94989876754937,-7.887980351063277],[110.94973377303597,-7.888154219106376],[110.94955540798244,-7.888301354353697],[110.9494349820215,-7.888386070224802],[110.9492655307031,-7.88852435677272],[110.94920313478457,-7.8885867737336195],[110.94914519571947,-7.8886491939266845],[110.94896683072967,-7.888787396695192],[110.94887760276396,-7.8888810698093685],[110.94880629315976,-7.88896134954357],[110.9486056439584,-7.88914413078037],[110.94846293382057,-7.889291294607578],[110.94826228466108,-7.889442885376226],[110.94816859988512,-7.889514220853056],[110.9480036055451,-7.889630178286482],[110.94789218434909,-7.889705964034801],[110.94787881380607,-7.8897148890506115],[110.94772273318955,-7.889857578269248],[110.94745959731193,-7.89009393123978],[110.94716981135788,-7.890299069565631],[110.94716089766646,-7.890307997839407],[110.94710732456282,-7.890348092075645],[110.94705829926238,-7.890383795844336],[110.94694678717448,-7.890468522299143],[110.94688439134391,-7.890526474849108],[110.94686656396418,-7.890539864207908],[110.94673722451097,-7.890544323949744],[110.94666145815528,-7.890548738077129],[110.94663917393368,-7.8905531897312065],[110.94657223031469,-7.890566627801036],[110.94653657556223,-7.89057107006824],[110.94639832244772,-7.890629052717645],[110.94637158138612,-7.890646824792028],[110.94636266769902,-7.8906512858406845],[110.94632701295112,-7.890669130040347],[110.94620658722663,-7.890767252836226],[110.94618430301121,-7.8907851064742225],[110.94609070930976,-7.890860906929824],[110.94594799939041,-7.890994674889154],[110.94591680149384,-7.891025846027876],[110.94586768527303,-7.891070489837964],[110.94584540106221,-7.891092732581419],[110.94573398001269,-7.891204259969822],[110.94571615264547,-7.8912309732682075],[110.9456982343225,-7.891248834962434],[110.9456046406488,-7.89136923161275],[110.94559127012441,-7.891387091749542],[110.94558681328299,-7.89139155600452],[110.94548867181854,-7.891525278433147],[110.94539953499772,-7.891636744131242],[110.94538616447501,-7.891650136973047],[110.94533704827012,-7.89171704006998],[110.9452880230226,-7.89177500370893],[110.94516759737446,-7.891917724902866],[110.94515422685366,-7.891935506877817],[110.94514531317317,-7.891944435499151],[110.9450472626911,-7.89206036343991],[110.94494466441931,-7.8922030979805795],[110.94493575073996,-7.892212026655943],[110.94492238022106,-7.892225419672451],[110.94491346654183,-7.892243204875975],[110.94484661394925,-7.892319026583846],[110.94480195459982,-7.892368063916878],[110.94471727465545,-7.892394809652934],[110.94470836097734,-7.892403738368809],[110.94469944729929,-7.892408199619749],[110.9446682494265,-7.8924349826740885],[110.94456565117845,-7.892506317131353],[110.94450771227704,-7.892550873152452],[110.94448988492319,-7.892559795688472],[110.9444765144079,-7.892577656299785],[110.94436500249566,-7.892684646358265],[110.94420892221365,-7.8928318131934345],[110.94419555170067,-7.8928452064060926],[110.94417326751262,-7.892867528436425],[110.94415989699993,-7.89287637577114],[110.94414206964986,-7.8928987009208615],[110.9441331559749,-7.8929076297426795],[110.94411978546255,-7.89292102297887],[110.94406175562105,-7.892983454262441],[110.94395924836694,-7.8930904468006275],[110.94394587785598,-7.893103840093258],[110.94365600156759,-7.893415984498013],[110.94364708789527,-7.893424913426157],[110.94336166849526,-7.893728128031041],[110.94333938431858,-7.893750372136534],[110.94330818647173,-7.893786091227365],[110.94322350660475,-7.8938930980949324],[110.94318776096941,-7.89393320817232],[110.9431654767951,-7.893964465978574],[110.94308525377012,-7.894067008735596],[110.94303622859013,-7.8941294430834885],[110.94298265562146,-7.894196268416003],[110.94293808727876,-7.894258706026218],[110.94286232109896,-7.894356863263375],[110.94284895059701,-7.894379113852453],[110.94278646396688,-7.89446827164265],[110.94267058629231,-7.894624402846779],[110.942608099669,-7.894713561105893],[110.94244756272202,-7.894896394861596],[110.94242527855782,-7.8949231072465045],[110.94234505556923,-7.895012327433407],[110.9423138577414,-7.8950792430724945],[110.94226028479646,-7.895177343777543],[110.94213995032723,-7.895435918566883],[110.94212648887545,-7.895471577599791],[110.94198832708955,-7.895712427366529],[110.94195258148127,-7.8957837349844615],[110.94191692682953,-7.895859584115479],[110.94182779020359,-7.8959041222529285],[110.94163159868793,-7.895971009030422],[110.94153345746113,-7.89602455986575],[110.9413060681724,-7.896269824029047],[110.9413238954915,-7.896305421974901],[110.94107867891545,-7.89651947901166],[110.94081108727852,-7.896773658927652],[110.94071749388499,-7.896965399491452],[110.94055695712434,-7.897090238336336],[110.94015111298764,-7.897406882736432],[110.93974535990789,-7.897723446460398],[110.93944657071762,-7.89793301101125],[110.93924146584104,-7.8981247637786165],[110.93917015665718,-7.8983387869664305],[110.93900516322599,-7.898463626916111],[110.93880897205096,-7.898601928491985],[110.93842996023763,-7.8987847130415325],[110.93814454175275,-7.898963094050833],[110.93798846206715,-7.899079005852548],[110.93830507827488,-7.8990611823871975]]]},"id":"000500000000000016c0","properties":{"FCODE":"BA03070040","KDBBPS":"3312","KDCBPS":"3312080","KDCPUM":"33.12.06","KDEBPS":"3312080007","KDEPUM":"33.12.06.2006","KDPBPS":"33","KDPKAB":"33.12","KDPPUM":"33","LUAS":4.92891905,"LUASWH":0.0,"METADATA":"TASWIL1000020221227_DATA_BATAS_DESAKELURAHAN","NAMOBJ":"Bumiharjo","OBJECTID":17249,"REMARK":"Wilayah Administrasi Kelurahan/Desa","SRS_ID":"SRGI 2013","TIPADM":1,"UUPP":"Hasil Delineasi Batas Desa 2017","WADMKC":"Nguntoronadi","WADMKD":"Bumiharjo","WADMKK":"Wonogiri","WADMPR":"Jawa Tengah","WIADKC":"","WIADKD":"","WIADKK":"","WIADPR":""}},{"type":"Feature","geometry":{"type":"Polygon","coordinates":[[[110.90190099375656,-7.899310861408065],[110.90305592102277,-7.899600731579796],[110.90365785148461,-7.8995650446309025],[110.90386740847295,-7.899551718372673],[110.90457648259067,-7.8994758836906955],[110.90649387666153,-7.899315342895925],[110.90686396737067,-7.899279712068786],[110.90850040785901,-7.899168191464285],[110.90943686879871,-7.899128035686439],[110.91036878260516,-7.899079019850155],[110.9118536973628,-7.8990522769007185],[110.91227727032965,-7.899061212859068],[110.91293723307683,-7.8991815651011725],[110.9131111373091,-7.899221674996406],[110.91459159791854,-7.899538299006997],[110.91521581663147,-7.899770182864864],[110.91555025534767,-7.899890606954355],[110.9161032572431,-7.900630766570519],[110.91701289121214,-7.901937309085518],[110.91704854530904,-7.901995272664248],[110.9186226017291,-7.903881510353707],[110.91902834945265,-7.904354159542284],[110.92002275470503,-7.905580417129738],[110.92002275470503,-7.905584886097265],[110.92059349430554,-7.906111040293527],[110.92198027870032,-7.906637182622127],[110.92353205613296,-7.9072615047225066],[110.92420539394388,-7.907569125355353],[110.92429016376552,-7.907685058000342],[110.92508829186802,-7.908492191890542],[110.92518643209199,-7.908541255040886],[110.9253603376752,-7.90864376175524],[110.92555652720796,-7.90875969023995],[110.92654193202327,-7.90929926832424],[110.92664898591522,-7.909326069787016],[110.9284281553447,-7.908563539270005],[110.9291237792054,-7.908291527822297],[110.9296142997169,-7.908099750215451],[110.93116608458298,-7.9074666156968245],[110.93191519127814,-7.907194567921136],[110.93203115913796,-7.907158888657101],[110.93262864387556,-7.90694045193742],[110.93286494555782,-7.906873491796136],[110.93336883763675,-7.90669513544239],[110.93381033454457,-7.906579222368379],[110.9338415322087,-7.906565836610721],[110.93399761149365,-7.906481106843981],[110.93466204008736,-7.906191292303803],[110.93472889226082,-7.906218069196765],[110.93550028468323,-7.906244813336024],[110.93609786166286,-7.906302723567188],[110.93613797300227,-7.906298280836086],[110.93656600926232,-7.9060753527535415],[110.93672208881075,-7.90600849834041],[110.93678448425216,-7.9060173973276395],[110.93741771625868,-7.90604859530784],[110.93790378247712,-7.906119919320701],[110.93807323261714,-7.906173410456915],[110.93865734912389,-7.906146722910154],[110.93871974463985,-7.906151152867284],[110.93891593580409,-7.9061467262643825],[110.93912558841889,-7.905754326911154],[110.93915232936172,-7.905665130920424],[110.93930840915932,-7.9053217804684035],[110.93941982976992,-7.905201360317064],[110.93971416212992,-7.9049828994403715],[110.93969633482847,-7.904679662513056],[110.93988806928486,-7.904514685365724],[110.94000849454322,-7.904452200601622],[110.9400352355006,-7.904358616923721],[110.94018685855634,-7.9039661992396715],[110.94028936557326,-7.90372536700541],[110.94042761817063,-7.90340882814145],[110.94042761817063,-7.903399891526315],[110.94047664327212,-7.90304763357855],[110.9404543591349,-7.902378790994089],[110.9404008772068,-7.902213744899202],[110.94037413624339,-7.902017595905558],[110.9404543591349,-7.901553818132351],[110.9404855569271,-7.901161423636071],[110.9405435866413,-7.9009295838420615],[110.94053021615838,-7.9008180283602725],[110.9404008772068,-7.900818104211925],[110.94028936557325,-7.900795772760332],[110.94021359951665,-7.900666460128528],[110.94018685855634,-7.900349832901415],[110.94017348807635,-7.900037762482198],[110.94016002664083,-7.899917355130279],[110.9400976310695,-7.899712252192119],[110.9398613283299,-7.899703319171865],[110.93969633482847,-7.899627491088097],[110.93956253911827,-7.899480351504113],[110.93948231627081,-7.899319839109293],[110.93945557532254,-7.899150348565974],[110.93953579816868,-7.8990433264708715],[110.93958036641824,-7.898802553264925],[110.93927721138971,-7.898878387668202],[110.93877777429097,-7.8989719708383275],[110.93830507827488,-7.8990611823871975],[110.93798846206715,-7.899079005852548],[110.93814454175275,-7.898963094050833],[110.93842996023763,-7.8987847130415325],[110.93880897205096,-7.898601928491985],[110.93900516322599,-7.898463626916111],[110.93917015665718,-7.8983387869664305],[110.93924146584104,-7.8981247637786165],[110.93944657071762,-7.89793301101125],[110.93974535990789,-7.897723446460398],[110.94015111298764,-7.897406882736432],[110.94055695712434,-7.897090238336336],[110.94071749388499,-7.896965399491452],[110.94081108727852,-7.896773658927652],[110.94107867891545,-7.89651947901166],[110.9413238954915,-7.896305421974901],[110.9413060681724,-7.896269824029047],[110.94153345746113,-7.89602455986575],[110.94163159868793,-7.895971009030422],[110.94182779020359,-7.8959041222529285],[110.94191692682953,-7.895859584115479],[110.94195258148127,-7.8957837349844615],[110.94198832708955,-7.895712427366529],[110.94212648887545,-7.895471577599791],[110.94213995032723,-7.895435918566883],[110.94226028479646,-7.895177343777543],[110.9423138577414,-7.8950792430724945],[110.94234505556923,-7.895012327433407],[110.94242527855782,-7.8949231072465045],[110.94244756272202,-7.894896394861596],[110.942608099669,-7.894713561105893],[110.94267058629231,-7.894624402846779],[110.94278646396688,-7.89446827164265],[110.94284895059701,-7.894379113852453],[110.94286232109896,-7.894356863263375],[110.94293808727876,-7.894258706026218],[110.94298265562146,-7.894196268416003],[110.94303622859013,-7.8941294430834885],[110.94308525377012,-7.894067008735596],[110.9431654767951,-7.893964465978574],[110.94318776096941,-7.89393320817232],[110.94322350660475,-7.8938930980949324],[110.94330818647173,-7.893786091227365],[110.94333938431858,-7.893750372136534],[110.94336166849526,-7.893728128031041],[110.94364708789527,-7.893424913426157],[110.94365600156759,-7.893415984498013],[110.94394587785598,-7.893103840093258],[110.94395924836694,-7.8930904468006275],[110.94406175562105,-7.892983454262441],[110.94411978546255,-7.89292102297887],[110.9441331559749,-7.8929076297426795],[110.94414206964986,-7.8928987009208615],[110.94415989699993,-7.89287637577114],[110.94417326751262,-7.892867528436425],[110.94419555170067,-7.8928452064060926],[110.94420892221365,-7.8928318131934345],[110.94436500249566,-7.892684646358265],[110.9444765144079,-7.892577656299785],[110.94448988492319,-7.892559795688472],[110.94450771227704,-7.892550873152452],[110.94456565117845,-7.892506317131353],[110.9446682494265,-7.8924349826740885],[110.94469944729929,-7.892408199619749],[110.94470836097734,-7.892403738368809],[110.94471727465545,-7.892394809652934],[110.94480195459982,-7.892368063916878],[110.94484661394925,-7.892319026583846],[110.94491346654183,-7.892243204875975],[110.94492238022106,-7.892225419672451],[110.94493575073996,-7.892212026655943],[110.94494466441931,-7.8922030979805795],[110.9450472626911,-7.89206036343991],[110.94514531317317,-7.891944435499151],[110.94515422685366,-7.891935506877817],[110.94516759737446,-7.891917724902866],[110.9452880230226,-7.89177500370893],[110.94533704827012,-7.89171704006998],[110.94538616447501,-7.891650136973047],[110.94539953499772,-7.891636744131242],[110.94548867181854,-7.891525278433147],[110.94558681328299,-7.89139155600452],[110.94559127012441,-7.891387091749542],[110.9456046406488,-7.89136923161275],[110.9456982343225,-7.891248834962434],[110.94571615264547,-7.8912309732682075],[110.94573398001269,-7.891204259969822],[110.94584540106221,-7.891092732581419],[110.94586768527303,-7.891070489837964],[110.94591680149384,-7.891025846027876],[110.94594799939041,-7.890994674889154],[110.94609070930976,-7.890860906929824],[110.94618430301121,-7.8907851064742225],[110.94620658722663,-7.890767252836226],[110.94632701295112,-7.890669130040347],[110.94636266769902,-7.8906512858406845],[110.94637158138612,-7.890646824792028],[110.94639832244772,-7.890629052717645],[110.94653657556223,-7.89057107006824],[110.94657223031469,-7.890566627801036],[110.94663917393368,-7.8905531897312065],[110.94666145815528,-7.890548738077129],[110.94673722451097,-7.890544323949744],[110.94686656396418,-7.890539864207908],[110.94688439134391,-7.890526474849108],[110.94694678717448,-7.890468522299143],[110.94705829926238,-7.890383795844336],[110.94710732456282,-7.890348092075645],[110.94716089766646,-7.890307997839407],[110.94716981135788,-7.890299069565631],[110.94745959731193,-7.89009393123978],[110.94772273318955,-7.889857578269248],[110.94787881380607,-7.8897148890506115],[110.94789218434909,-7.889705964034801],[110.9480036055451,-7.889630178286482],[110.94816859988512,-7.889514220853056],[110.94826228466108,-7.889442885376226],[110.94846293382057,-7.889291294607578],[110.9486056439584,-7.88914413078037],[110.94880629315976,-7.88896134954357],[110.94887760276396,-7.8888810698093685],[110.94896683072967,-7.888787396695192],[110.94914519571947,-7.8886491939266845],[110.94920313478457,-7.8885867737336195],[110.9492655307031,-7.88852435677272],[110.9494349820215,-7.888386070224802],[110.94955540798244,-7.888301354353697],[110.94973377303597,-7.888154219106376],[110.94989876754937,-7.887980351063277],[110.9502510408959,-7.8876057524076755],[110.95030452314563,-7.887547797571083],[110.95046506086148,-7.887413974929333],[110.95059885746264,-7.887333737510366],[110.95068799456527,-7.8872624073757],[110.95081287747331,-7.887217821302292],[110.95082179118452,-7.887182170263302],[110.95082624804013,-7.887092990947929],[110.95084407546274,-7.886522175940847],[110.95074593368459,-7.8861966533442125],[110.9507593952071,-7.885933581817649],[110.9508173343289,-7.885273625366847],[110.95076385206255,-7.8851220280728604],[110.95074593368459,-7.88495706100443],[110.95078613633999,-7.884818849132499],[110.95094667410267,-7.88438184182417],[110.95096450152656,-7.884323865063234],[110.95088418716429,-7.884176721892892],[110.95074147682918,-7.88331611040657],[110.95075484739543,-7.8829593330925105],[110.95079505005104,-7.8825669960988956],[110.9508574460298,-7.882228047192772],[110.95092429886682,-7.881884715272404],[110.95102244065556,-7.881434362537415],[110.95108929349925,-7.881140088985174],[110.95109375035558,-7.881108826423329],[110.95116960787149,-7.880850210309474],[110.95123200386439,-7.8807387502001545],[110.95122754700769,-7.880640640170192],[110.95121863329429,-7.880480074206541],[110.95121417643762,-7.880399830542874],[110.95120526272429,-7.8801545585877255],[110.95102689751172,-7.880355265769677],[110.95076385206255,-7.880604964136839],[110.95033126427116,-7.880854703968538],[110.94993442237472,-7.881015214038824],[110.9494706368368,-7.881144491783918],[110.94909162255121,-7.881193586055532],[110.9486457556055,-7.881171242568758],[110.94822653891585,-7.8810285594425125],[110.94797686445736,-7.880876981812773],[110.9475220841204,-7.880613902143128],[110.94706275610783,-7.880355289478217],[110.94666145815528,-7.880154624227414],[110.94630472873405,-7.8800876767121],[110.94593462886324,-7.8800475964199554],[110.94556452907598,-7.88002977029604],[110.94542181920247,-7.880217029282755],[110.94506954689106,-7.880676286957962],[110.94493575073996,-7.880761056663079],[110.94459239221057,-7.880885871843906],[110.94431597727727,-7.8809349562541335],[110.94406175562105,-7.880903739811321],[110.94384327965328,-7.880810089978235],[110.94365600156759,-7.880645074807652],[110.94296037144997,-7.879980666643746],[110.94258581550261,-7.879784479405776],[110.94212648887545,-7.879619497129606],[110.94129715451294,-7.879405488153809],[110.940935969434,-7.879209229754471],[110.94099390820857,-7.8790844433081455],[110.94069511878878,-7.8787990570328565],[110.94018240172967,-7.878455670543897],[110.93973198943154,-7.878192580052497],[110.93933515010515,-7.8779428479999],[110.93842996023763,-7.877568284701304],[110.9378457528573,-7.877501463134754],[110.93744445717334,-7.877474664064569],[110.93691382291534,-7.877479110070599],[110.93628513887745,-7.877595064930919],[110.93623156613147,-7.877657481870842],[110.93610231847829,-7.877693189599947],[110.93586592536596,-7.877653043193511],[110.93558951191682,-7.877537082093665],[110.93526843942756,-7.87742563426969],[110.93510790320686,-7.877447920818225],[110.9347333490725,-7.877474661886264],[110.93440336313208,-7.8775148390739105],[110.93385044582713,-7.8776708966995805],[110.93341340571631,-7.877889348905093],[110.93294525903202,-7.878103383767444],[110.93249484875061,-7.878277315882883],[110.93184833922156,-7.878486902172694],[110.93136227482863,-7.878611749401399],[110.930996635169,-7.8786250962956235],[110.93046600303511,-7.878558221848852],[110.93006461823464,-7.878460105559438],[110.92954299095899,-7.87828179388],[110.92913269279762,-7.878081086252617],[110.92899889796439,-7.877925030846299],[110.92892758923392,-7.877831402181076],[110.92880270800825,-7.877711011012926],[110.92880270800825,-7.877693143467],[110.92863771563908,-7.877483616549502],[110.92854857974662,-7.8774746871274015],[110.92840141457994,-7.876894974691403],[110.92844152572724,-7.876729970317334],[110.92849955500789,-7.876301905037087],[110.92848618462484,-7.876275171403511],[110.92844152572724,-7.8759674788279215],[110.92840587137404,-7.875811425208684],[110.92829881736424,-7.875704450997149],[110.92822305187138,-7.8756062751441585],[110.92817402714265,-7.875548322691135],[110.92815174317553,-7.875521581725772],[110.92793763519714,-7.875298621553312],[110.92780393141891,-7.8752228089290135],[110.92769687744945,-7.8751425568348585],[110.92738026333029,-7.874915121244815],[110.92668909701847,-7.8743979005841815],[110.92645279624787,-7.874183849637541],[110.92577500069848,-7.873639838471571],[110.9256189222151,-7.8734971665899565],[110.92548067089061,-7.873367831756298],[110.92490992953023,-7.873501589052346],[110.92462005666596,-7.873577438872617],[110.92336706430986,-7.873867274444817],[110.9232511880342,-7.873902908149702],[110.92126683086742,-7.8744291100921355],[110.92015209201156,-7.874750175470718],[110.92012089461528,-7.874754615183838],[110.9184843510155,-7.874790300291157],[110.9182525082342,-7.874598571438624],[110.91800283842748,-7.874469207218546],[110.9166472548569,-7.8737736347383365],[110.91365067713186,-7.872034579590528],[110.91349014309569,-7.871940947536109],[110.91326721455492,-7.871811601932356],[110.912513659931,-7.8722262801176655],[110.91002543151357,-7.873564035419178],[110.90962859960457,-7.873773637709312],[110.90842910005611,-7.8748304364444035],[110.90681940004048,-7.876199378043964],[110.9055886146042,-7.877189281379905],[110.9051561300044,-7.877510322391029],[110.90467898730344,-7.877840343868615],[110.90396109064274,-7.878326363316069],[110.90368459182788,-7.879093294628114],[110.90280170597686,-7.8813763877101275],[110.90276159548509,-7.88162161063561],[110.90242715952056,-7.883347332769566],[110.90233793416398,-7.883690663737162],[110.90137928488969,-7.885144306991455],[110.90115181041998,-7.885483223165931],[110.90101365221189,-7.885688322716102],[110.90087985977864,-7.885893431743373],[110.90003262924306,-7.887222284237428],[110.89916311562082,-7.890615646003525],[110.89889553108858,-7.891654638236262],[110.89887324753856,-7.891792831782079],[110.89885987740868,-7.89192217434759],[110.89885542069877,-7.891989042701176],[110.89870825832512,-7.895016742245429],[110.89853435571145,-7.897772501940046],[110.89848087520451,-7.89852160675191],[110.90190099375656,-7.899310861408065]]]},"id":"0005000000000000170b","properties":{"FCODE":"BA03070040","KDBBPS":"3312","KDCBPS":"3312080","KDCPUM":"33.12.06","KDEBPS":"3312080008","KDEPUM":"33.12.06.2007","KDPBPS":"33","KDPKAB":"33.12","KDPPUM":"33","LUAS":15.03751136,"LUASWH":0.0,"METADATA":"TASWIL1000020221227_DATA_BATAS_DESAKELURAHAN","NAMOBJ":"Gebang","OBJECTID":17352,"REMARK":"Wilayah Administrasi Kelurahan/Desa","SRS_ID":"SRGI 2013","TIPADM":1,"UUPP":"Hasil Delineasi Batas Desa 2017","WADMKC":"Nguntoronadi","WADMKD":"Gebang","WADMKK":"Wonogiri","WADMPR":"Jawa Tengah","WIADKC":"","WIADKD":"","WIADKK":"","WIADPR":""}},{"type":"Feature","geometry":{"type":"Polygon","coordinates":[[[110.91328949831217,-7.865559922057868],[110.91350360430602,-7.867874251744472],[110.9136150231122,-7.868560963577758],[110.91332524327852,-7.871267632715521],[110.91326721455492,-7.871811601932356],[110.91349014309569,-7.871940947536109],[110.91365067713186,-7.872034579590528],[110.9166472548569,-7.8737736347383365],[110.91800283842748,-7.874469207218546],[110.9182525082342,-7.874598571438624],[110.9184843510155,-7.874790300291157],[110.92012089461528,-7.874754615183838],[110.92015209201156,-7.874750175470718],[110.92126683086742,-7.8744291100921355],[110.9232511880342,-7.873902908149702],[110.92336706430986,-7.873867274444817],[110.92462005666596,-7.873577438872617],[110.92490992953023,-7.873501589052346],[110.92548067089061,-7.873367831756298],[110.9256189222151,-7.8734971665899565],[110.92577500069848,-7.873639838471571],[110.92645279624787,-7.874183849637541],[110.92668909701847,-7.8743979005841815],[110.92738026333029,-7.874915121244815],[110.92769687744945,-7.8751425568348585],[110.92780393141891,-7.8752228089290135],[110.92793763519714,-7.875298621553312],[110.92815174317553,-7.875521581725772],[110.92817402714265,-7.875548322691135],[110.92822305187138,-7.8756062751441585],[110.92829881736424,-7.875704450997149],[110.92840587137404,-7.875811425208684],[110.92844152572724,-7.8759674788279215],[110.92848618462484,-7.876275171403511],[110.92849955500789,-7.876301905037087],[110.92844152572724,-7.876729970317334],[110.92840141457994,-7.876894974691403],[110.92854857974662,-7.8774746871274015],[110.92863771563908,-7.877483616549502],[110.92880270800825,-7.877693143467],[110.92880270800825,-7.877711011012926],[110.92892758923392,-7.877831402181076],[110.92899889796439,-7.877925030846299],[110.92913269279762,-7.878081086252617],[110.92954299095899,-7.87828179388],[110.93006461823464,-7.878460105559438],[110.93046600303511,-7.878558221848852],[110.930996635169,-7.8786250962956235],[110.93136227482863,-7.878611749401399],[110.93184833922156,-7.878486902172694],[110.93249484875061,-7.878277315882883],[110.93294525903202,-7.878103383767444],[110.93341340571631,-7.877889348905093],[110.93385044582713,-7.8776708966995805],[110.93440336313208,-7.8775148390739105],[110.9347333490725,-7.877474661886264],[110.93510790320686,-7.877447920818225],[110.93526843942756,-7.87742563426969],[110.93558951191682,-7.877537082093665],[110.93586592536596,-7.877653043193511],[110.93610231847829,-7.877693189599947],[110.93623156613147,-7.877657481870842],[110.93628513887745,-7.877595064930919],[110.93691382291534,-7.877479110070599],[110.93744445717334,-7.877474664064569],[110.9378457528573,-7.877501463134754],[110.93842996023763,-7.877568284701304],[110.93933515010515,-7.8779428479999],[110.93973198943154,-7.878192580052497],[110.94018240172967,-7.878455670543897],[110.94069511878878,-7.8787990570328565],[110.94099390820857,-7.8790844433081455],[110.940935969434,-7.879209229754471],[110.94129715451294,-7.879405488153809],[110.94212648887545,-7.879619497129606],[110.94258581550261,-7.879784479405776],[110.94296037144997,-7.879980666643746],[110.94365600156759,-7.880645074807652],[110.94384327965328,-7.880810089978235],[110.94406175562105,-7.880903739811321],[110.94431597727727,-7.8809349562541335],[110.94459239221057,-7.880885871843906],[110.94493575073996,-7.880761056663079],[110.94506954689106,-7.880676286957962],[110.94542181920247,-7.880217029282755],[110.94556452907598,-7.88002977029604],[110.94593462886324,-7.8800475964199554],[110.94630472873405,-7.8800876767121],[110.94666145815528,-7.880154624227414],[110.94706275610783,-7.880355289478217],[110.9475220841204,-7.880613902143128],[110.94797686445736,-7.880876981812773],[110.94822653891585,-7.8810285594425125],[110.9486457556055,-7.881171242568758],[110.94909162255121,-7.881193586055532],[110.9494706368368,-7.881144491783918],[110.94993442237472,-7.881015214038824],[110.95033126427116,-7.880854703968538],[110.95076385206255,-7.880604964136839],[110.95102689751172,-7.880355265769677],[110.95120526272429,-7.8801545585877255],[110.95106255236145,-7.879632898380149],[110.95101798379942,-7.879552625534763],[110.95084407546274,-7.879343046917695],[110.95081287747331,-7.879311836729692],[110.95067016714437,-7.879209241090334],[110.95062114173786,-7.879173629379131],[110.95058103004268,-7.879142412457191],[110.95031789370834,-7.878932771309585],[110.95021984291769,-7.878807950715072],[110.94999236146757,-7.8784913777513035],[110.94997007720085,-7.878464562397971],[110.94980508268031,-7.878237203898804],[110.9497560572995,-7.878210446557101],[110.94966237243854,-7.878179193563697],[110.949501925757,-7.878161362329091],[110.94917193682619,-7.8782059407296385],[110.94896237387908,-7.878237207003235],[110.94879292260931,-7.878183641981692],[110.9482845689047,-7.877942864023835],[110.94799023500117,-7.877760073056729],[110.9477984995942,-7.877554945743757],[110.94732580096584,-7.87707778798067],[110.94702264449936,-7.876819212851015],[110.94687547765403,-7.876658627349838],[110.9467283108219,-7.876493653904657],[110.94647863659111,-7.876145872062161],[110.94616201879609,-7.875708873355547],[110.94595691307526,-7.875419033314478],[110.94576963474772,-7.875387782819406],[110.94553324023077,-7.875347722217072],[110.94546638761288,-7.875227314172694],[110.94544856024858,-7.875013231368767],[110.94544856024858,-7.875004298795716],[110.94544856024858,-7.874999910865532],[110.94545301708963,-7.874607509246745],[110.9454574739307,-7.874509411865447],[110.9454753012951,-7.874201725471588],[110.94495803493841,-7.874112550513552],[110.94495803493841,-7.874063500256961],[110.94499823745227,-7.873920764968402],[110.94506063321104,-7.873702283737494],[110.94519442937234,-7.873274180284137],[110.94514531317317,-7.873060161154309],[110.94507846057112,-7.872997737742597],[110.94511411529187,-7.872275349291474],[110.94509183109132,-7.871330010685448],[110.94521225673388,-7.870085968972738],[110.94530585038517,-7.869805004288073],[110.94583648737796,-7.869305635702471],[110.94651429134233,-7.8688641322439326],[110.94705829926238,-7.868663525336784],[110.9478877275014,-7.868511876647461],[110.94856098450668,-7.868623354562316],[110.9507013651311,-7.868824043881678],[110.95105363864896,-7.868712520269234],[110.95125428814815,-7.868569853739859],[110.95182058192512,-7.8676289835952575],[110.95202132247373,-7.867343573099682],[110.95235122101771,-7.867058196349169],[110.95256533221159,-7.866866498821174],[110.95290860144767,-7.866661359263905],[110.9535730377307,-7.86643390625956],[110.95502224649766,-7.866108443017508],[110.9554324602175,-7.865711579233774],[110.9557579935275,-7.865283470706351],[110.95586950620994,-7.864636942642542],[110.95611026811997,-7.864614651877007],[110.95610135438034,-7.864235641556461],[110.95600766916048,-7.863985904726142],[110.95580256221697,-7.863227820918478],[110.95574462292088,-7.862857707447119],[110.95591407490241,-7.861876757618959],[110.95633320258302,-7.860918040941623],[110.95647145652859,-7.8610027535039135],[110.95666319294051,-7.861029543191908],[110.95692187340981,-7.860971547789232],[110.95762187533111,-7.860757483900789],[110.95775567250934,-7.860793154533028],[110.9579251246954,-7.860926928789695],[110.95806783564805,-7.861007178608509],[110.95817034377772,-7.860967078804525],[110.95829522724856,-7.860815445790924],[110.95847359324165,-7.860467633249278],[110.95937433724986,-7.8604141544749],[110.95992280627168,-7.860440916265551],[110.95920488491679,-7.859803260774915],[110.95912466111292,-7.85973191150952],[110.95850033449877,-7.859379618030752],[110.95830414099991,-7.859361832972133],[110.95734991509029,-7.859290474433848],[110.95645808591624,-7.859022942735954],[110.95583830812593,-7.858229160683714],[110.9557134248392,-7.857899204614985],[110.95560191216723,-7.8576004369006665],[110.95557071408822,-7.857520199146137],[110.95530766791772,-7.856637270761715],[110.95521843961002,-7.85601745382047],[110.95415715975895,-7.855513603314899],[110.95389411381232,-7.8553887555928625],[110.95342141343842,-7.855339712008684],[110.95319402250416,-7.855366461971466],[110.9530557688314,-7.855446711136622],[110.95284620539152,-7.855348619324985],[110.9522353426686,-7.855121173438291],[110.9521594851038,-7.855174688590038],[110.95168687618128,-7.855130101706944],[110.95160656178392,-7.855121184032447],[110.95114286673238,-7.855076604027878],[110.95088864402007,-7.8552014810231325],[110.95069245142055,-7.8552906864690115],[110.95032680741689,-7.8553486490092945],[110.95026441145818,-7.855353058369701],[110.95022875662568,-7.855366421214421],[110.9500905032009,-7.855370924531918],[110.94993887922794,-7.8553753375647775],[110.94968920450982,-7.85540660906058],[110.94959551965268,-7.855415538459275],[110.94933247443174,-7.8554601142225975],[110.94922096218963,-7.855477957444844],[110.94895346017793,-7.855299598067907],[110.94849413176553,-7.854942872834903],[110.9481819704305,-7.854653012542121],[110.94810620400817,-7.8545727336143925],[110.94732580096584,-7.854086716214601],[110.94715644082075,-7.853707678699669],[110.94713406563639,-7.852699874657153],[110.94719209558669,-7.85212467738245],[110.94703155819005,-7.851759055759432],[110.94667482868837,-7.850760218008584],[110.94661688971237,-7.8504435675479485],[110.9464652660596,-7.849819327760908],[110.94627353083068,-7.849734640069839],[110.94614864826717,-7.849676645440825],[110.9461129935239,-7.849658832161762],[110.94541290552054,-7.849377867759375],[110.94523454093608,-7.849328829855739],[110.94508737425123,-7.849244104504085],[110.94468161994332,-7.84894531109059],[110.94419109486303,-7.84893193900988],[110.94344643932524,-7.848878462485459],[110.94292471677618,-7.848838349434225],[110.94114553135368,-7.848802632801294],[110.93983458737539,-7.848428104459128],[110.93901853369637,-7.848561832472902],[110.93889365168828,-7.848472658481892],[110.93853692396576,-7.848173896009115],[110.93799737570846,-7.8477636578832755],[110.93787258473455,-7.847656698513975],[110.93785020967756,-7.847625429052011],[110.9370877297699,-7.846532987541627],[110.9362360229473,-7.845217555949134],[110.93622265249988,-7.845204149140805],[110.93616471389578,-7.845114957958525],[110.93581690040395,-7.8447761027754135],[110.9357990731454,-7.844749298024858],[110.93574559137095,-7.844709220989391],[110.93466649689884,-7.84395563215605],[110.93300765432734,-7.842724872573172],[110.93249930555608,-7.842332518913398],[110.93176802580217,-7.841913311857451],[110.93167443293233,-7.841913372896523],[110.9314692380881,-7.841899936150793],[110.93136227482863,-7.841940084969369],[110.93117499818658,-7.842015872004038],[110.93097435116259,-7.84209618827918],[110.93059534119074,-7.842270080865896],[110.93033220809045,-7.8423993695310825],[110.93027426969843,-7.842430561687552],[110.93005124783852,-7.842550962904492],[110.92929322842127,-7.843161926701101],[110.92849955500789,-7.844254339600616],[110.92805805956208,-7.84484739455571],[110.92760328481762,-7.845520726292461],[110.92515969138161,-7.845663453503563],[110.92510611900742,-7.845663481965166],[110.92457994561485,-7.845832858549214],[110.92416082612101,-7.846247596084203],[110.92394235285231,-7.846483940091206],[110.92377736098655,-7.846675690442827],[110.92328684227198,-7.847014541919835],[110.92255556673958,-7.847482798137302],[110.92195353804398,-7.847661119077476],[110.92117323861439,-7.8477859911580135],[110.9209815063971,-7.847821677597128],[110.92088336643339,-7.8478528378246475],[110.92054001304018,-7.84791532145523],[110.92029034287133,-7.8479777393253105],[110.92000938439335,-7.8480847029811684],[110.92000938439335,-7.848089168110049],[110.91974634399894,-7.848481601984889],[110.91959917964803,-7.848709023674777],[110.91940299085299,-7.848976583303797],[110.91937170251704,-7.849533925730666],[110.91937615928579,-7.849752414107919],[110.9193850728233,-7.849917402818099],[110.91944310177294,-7.850367823495654],[110.91945647207982,-7.850434659802807],[110.91961700672564,-7.850844920659788],[110.919630377034,-7.850876113065111],[110.91971505565618,-7.851067894192296],[110.91998264377034,-7.851652017696351],[110.92013872169878,-7.852017703441078],[110.920129808157,-7.852195996959523],[110.92025014097533,-7.852481433145154],[110.92038839184367,-7.853163681083557],[110.92040621893021,-7.853310824045549],[110.92043305051492,-7.853480220475648],[110.92061586912115,-7.854358690814883],[110.92077631293033,-7.855464585665582],[110.92082988515821,-7.856833471743851],[110.92079868774854,-7.856864701329683],[110.91989341740909,-7.857841223159202],[110.91924245622893,-7.858643907474765],[110.91877867952294,-7.858817799616377],[110.91817219550153,-7.859027364971219],[110.91727147438735,-7.859691787516629],[110.91543437964624,-7.861564636633898],[110.91516679230568,-7.861957019947062],[110.91502854189608,-7.862171034166208],[110.91486355096269,-7.862438618345641],[110.91372653288045,-7.864289116185798],[110.91358828259798,-7.864512073607179],[110.91324493079802,-7.865114018265828],[110.91328949831217,-7.865559922057868]]]},"id":"00050000000000001925","properties":{"FCODE":"BA03070040","KDBBPS":"3312","KDCBPS":"3312080","KDCPUM":"33.12.06","KDEBPS":"3312080009","KDEPUM":"33.12.06.2009","KDPBPS":"33","KDPKAB":"33.12","KDPPUM":"33","LUAS":12.60717629,"LUASWH":0.0,"METADATA":"TASWIL1000020221227_DATA_BATAS_DESAKELURAHAN","NAMOBJ":"Pondoksari","OBJECTID":18141,"REMARK":"Wilayah Administrasi Kelurahan/Desa","SRS_ID":"SRGI 2013","TIPADM":1,"UUPP":"Hasil Delineasi Batas Desa 2017","WADMKC":"Nguntoronadi","WADMKD":"Pondoksari","WADMKK":"Wonogiri","WADMPR":"Jawa Tengah","WIADKC":"","WIADKD":"","WIADKK":"","WIADPR":""}},{"type":"Feature","geometry":{"type":"Polygon","coordinates":[[[110.9454753012951,-7.874201725471588],[110.9454574739307,-7.874509411865447],[110.94545301708963,-7.874607509246745],[110.94544856024858,-7.874999910865532],[110.94544856024858,-7.875004298795716],[110.94544856024858,-7.875013231368767],[110.94546638761288,-7.875227314172694],[110.94553324023077,-7.875347722217072],[110.94576963474772,-7.875387782819406],[110.94595691307526,-7.875419033314478],[110.94616201879609,-7.875708873355547],[110.94647863659111,-7.876145872062161],[110.9467283108219,-7.876493653904657],[110.94687547765403,-7.876658627349838],[110.94702264449936,-7.876819212851015],[110.94732580096584,-7.87707778798067],[110.9477984995942,-7.877554945743757],[110.94799023500117,-7.877760073056729],[110.9482845689047,-7.877942864023835],[110.94879292260931,-7.878183641981692],[110.94896237387908,-7.878237207003235],[110.94917193682619,-7.8782059407296385],[110.949501925757,-7.878161362329091],[110.94966237243854,-7.878179193563697],[110.9497560572995,-7.878210446557101],[110.94980508268031,-7.878237203898804],[110.94997007720085,-7.878464562397971],[110.94999236146757,-7.8784913777513035],[110.95021984291769,-7.878807950715072],[110.95031789370834,-7.878932771309585],[110.95058103004268,-7.879142412457191],[110.95062114173786,-7.879173629379131],[110.95067016714437,-7.879209241090334],[110.95081287747331,-7.879311836729692],[110.95084407546274,-7.879343046917695],[110.95101798379942,-7.879552625534763],[110.95106255236145,-7.879632898380149],[110.95120526272429,-7.8801545585877255],[110.9514638513864,-7.879918258896923],[110.95175818590998,-7.879499093772789],[110.95186078460667,-7.879097815636807],[110.95203469305032,-7.878946162479805],[110.95224871324693,-7.878834737322695],[110.9525474138141,-7.878758871831406],[110.95308251000141,-7.878665230290413],[110.95333673305085,-7.8785938714561095],[110.95431769784851,-7.878272850960713],[110.95465214467195,-7.878223805581671],[110.95487507893951,-7.878205945473971],[110.95582484656217,-7.878036520412445],[110.956145923079,-7.877991930809296],[110.9562128670858,-7.877996363653101],[110.9564313446919,-7.8779875104508],[110.95668102042586,-7.878000854583002],[110.95722948856303,-7.877875958492412],[110.95731871697855,-7.877853688921738],[110.95759067721428,-7.877804679313754],[110.95805892189793,-7.877706520877428],[110.95851370512747,-7.8775683188386445],[110.95898195006997,-7.877412257885296],[110.95924945369838,-7.877291865943992],[110.95929857031621,-7.877265100872784],[110.95962401342406,-7.877189256158537],[110.96002094859153,-7.877091202642922],[110.96064964169831,-7.876979686647726],[110.96109996874893,-7.876957442896835],[110.9614879904977,-7.876961865877034],[110.96209885661123,-7.8770109547207],[110.96248678763402,-7.877109010270986],[110.96285243430724,-7.877193729231386],[110.96303080078539,-7.877274006987828],[110.96371306865632,-7.877630743478347],[110.96399394371142,-7.877773461733231],[110.96410991383364,-7.877978585085656],[110.96418568098449,-7.878250596745406],[110.96418568098449,-7.878304032420449],[110.96417231031056,-7.878513613329393],[110.9641366551806,-7.878843606079748],[110.96407425870501,-7.879441155945525],[110.96399394371142,-7.880011906747267],[110.96405197425001,-7.88015909112796],[110.96415448274549,-7.880274970418075],[110.96439524584679,-7.880417661105816],[110.9645958969503,-7.880466768800073],[110.9648412079647,-7.880435511986896],[110.96504631601489,-7.880368659132006],[110.96539859256015,-7.880145668767208],[110.96550555803228,-7.87999851879971],[110.96578206744746,-7.879726506859699],[110.96599163250806,-7.879490182745836],[110.96645987953426,-7.878981840033359],[110.96654010368813,-7.878919450832882],[110.9667986947225,-7.878901607978415],[110.96709303194513,-7.878919435042203],[110.96743639511718,-7.879004129537972],[110.96787335327839,-7.879120072755266],[110.96823454421657,-7.879173594826796],[110.96863139045571,-7.879209277312079],[110.96872953328278,-7.879218194691484],[110.9693270313024,-7.879218205333645],[110.96967930873842,-7.879133431160544],[110.96998701718087,-7.879039850884002],[110.9702144103902,-7.878848047824199],[110.97070494312493,-7.8782193116575305],[110.9708431072936,-7.8779740996567575],[110.97095016406666,-7.877782373867061],[110.97113298830807,-7.877644134942514],[110.97119092813395,-7.877635165525646],[110.97138712313198,-7.8775549135168275],[110.9717438579058,-7.877394385029687],[110.97212733422734,-7.877202693917019],[110.97250635372191,-7.876868253893592],[110.97276057970795,-7.876489228763601],[110.97281851958914,-7.87595855904841],[110.97285417490163,-7.875592949655084],[110.97287200255815,-7.875124699207946],[110.97293003340054,-7.875004321144928],[110.97293003340054,-7.8749998555531455],[110.97313959934314,-7.8747902738333],[110.97350970523078,-7.874616370091207],[110.97357655896936,-7.874558443765774],[110.97358101588534,-7.874545050294478],[110.97361667121375,-7.87421509623308],[110.97359884354944,-7.874059025470612],[110.97351861906245,-7.873889592333802],[110.97351861906245,-7.873782577041105],[110.97362112812984,-7.873697805965206],[110.97377275424168,-7.873626461812041],[110.97389763886581,-7.873479342400608],[110.97400014795592,-7.873042350133505],[110.97404480808495,-7.87298432676842],[110.97415623101888,-7.872948683295394],[110.97425437416423,-7.872792616010081],[110.97455307863758,-7.872449303724885],[110.97483404644342,-7.872163869424496],[110.97494556038627,-7.871945378031298],[110.97497675882346,-7.871887429509674],[110.97498567266275,-7.8714771750429104],[110.97549840041566,-7.871949839986104],[110.97626544578624,-7.87182949009875],[110.97696099878614,-7.871437030548784],[110.97744261960429,-7.870955430507641],[110.97805349145362,-7.870380238921254],[110.97835674447427,-7.870166199206929],[110.9788963057696,-7.870094896157623],[110.97986837153019,-7.870010106387678],[110.9803811916964,-7.869854103466589],[110.98087163638233,-7.869715871623599],[110.98162076544045,-7.868783909880944],[110.98174119369715,-7.868364757216695],[110.98125957167849,-7.867976759261729],[110.98065761256217,-7.8678564111169],[110.97978805579251,-7.867825174430875],[110.97924412824511,-7.867794002294489],[110.9784325122589,-7.8674372535698325],[110.97800892217795,-7.867285612940344],[110.97767892765846,-7.867254437597482],[110.97680491546781,-7.866804028594636],[110.97620741483075,-7.866175294628816],[110.97545828812717,-7.866224335905771],[110.97525317882089,-7.866237738027406],[110.9750035003415,-7.866384898626867],[110.97452188020812,-7.866536516567285],[110.97395112186858,-7.866384917801985],[110.9733714498886,-7.866046016135356],[110.97314851317286,-7.864980294738563],[110.97272492439743,-7.86396362906908],[110.9722299341686,-7.863022745961844],[110.97170820261654,-7.862229029631483],[110.97110624685064,-7.860690587657248],[110.97056223110204,-7.860217930835598],[110.97033483784618,-7.86014663222272],[110.96986213284323,-7.860266970519427],[110.96879192993019,-7.860739635281058],[110.96829703180296,-7.860815461476052],[110.96802052197674,-7.860690626969186],[110.96779758596219,-7.860369538137919],[110.96762367588065,-7.86011984694713],[110.9671509716331,-7.8595267665932464],[110.96662933259844,-7.859080898950783],[110.96600500319639,-7.858782133638445],[110.96560815757316,-7.858683985172174],[110.96513545388926,-7.858608258199908],[110.96460935858457,-7.858608224552517],[110.964163396528,-7.858710793216504],[110.963739809997,-7.858880190215234],[110.96299514567964,-7.8594242168746025],[110.96271863672182,-7.859945912188078],[110.96241993433297,-7.860690599597237],[110.96201854171197,-7.861060715671534],[110.96164843833566,-7.861444172445814],[110.96107322745029,-7.861537870852037],[110.96063181417063,-7.861149925001814],[110.96036421936452,-7.86087789854697],[110.95992280627168,-7.860440916265551],[110.95937433724986,-7.8604141544749],[110.95847359324165,-7.860467633249278],[110.95829522724856,-7.860815445790924],[110.95817034377772,-7.860967078804525],[110.95806783564805,-7.861007178608509],[110.9579251246954,-7.860926928789695],[110.95775567250934,-7.860793154533028],[110.95762187533111,-7.860757483900789],[110.95692187340981,-7.860971547789232],[110.95666319294051,-7.861029543191908],[110.95647145652859,-7.8610027535039135],[110.95633320258302,-7.860918040941623],[110.95591407490241,-7.861876757618959],[110.95574462292088,-7.862857707447119],[110.95580256221697,-7.863227820918478],[110.95600766916048,-7.863985904726142],[110.95610135438034,-7.864235641556461],[110.95611026811997,-7.864614651877007],[110.95586950620994,-7.864636942642542],[110.9557579935275,-7.865283470706351],[110.9554324602175,-7.865711579233774],[110.95502224649766,-7.866108443017508],[110.9535730377307,-7.86643390625956],[110.95290860144767,-7.866661359263905],[110.95256533221159,-7.866866498821174],[110.95235122101771,-7.867058196349169],[110.95202132247373,-7.867343573099682],[110.95182058192512,-7.8676289835952575],[110.95125428814815,-7.868569853739859],[110.95105363864896,-7.868712520269234],[110.9507013651311,-7.868824043881678],[110.94856098450668,-7.868623354562316],[110.9478877275014,-7.868511876647461],[110.94705829926238,-7.868663525336784],[110.94651429134233,-7.8688641322439326],[110.94583648737796,-7.869305635702471],[110.94530585038517,-7.869805004288073],[110.94521225673388,-7.870085968972738],[110.94509183109132,-7.871330010685448],[110.94511411529187,-7.872275349291474],[110.94507846057112,-7.872997737742597],[110.94514531317317,-7.873060161154309],[110.94519442937234,-7.873274180284137],[110.94506063321104,-7.873702283737494],[110.94499823745227,-7.873920764968402],[110.94495803493841,-7.874063500256961],[110.94495803493841,-7.874112550513552],[110.9454753012951,-7.874201725471588]]]},"id":"000500000000000018ad","properties":{"FCODE":"BA03070040","KDBBPS":"3312","KDCBPS":"3312080","KDCPUM":"33.12.06","KDEBPS":"3312080010","KDEPUM":"33.12.06.2010","KDPBPS":"33","KDPKAB":"33.12","KDPPUM":"33","LUAS":5.45394862,"LUASWH":0.0,"METADATA":"TASWIL1000020221227_DATA_BATAS_DESAKELURAHAN","NAMOBJ":"Ngadiroyo","OBJECTID":17963,"REMARK":"Wilayah Administrasi Kelurahan/Desa","SRS_ID":"SRGI 2013","TIPADM":1,"UUPP":"Hasil Delineasi Batas Desa 2017","WADMKC":"Nguntoronadi","WADMKD":"Ngadiroyo","WADMKK":"Wonogiri","WADMPR":"Jawa Tengah","WIADKC":"","WIADKD":"","WIADKK":"","WIADPR":""}},{"type":"Feature","geometry":{"type":"Polygon","coordinates":[[[110.96518457067918,-7.880810117887612],[110.96518902757316,-7.880952803706046],[110.96525588098416,-7.88118015605781],[110.96546098908475,-7.881492301762513],[110.9656705541055,-7.881692952227333],[110.96590695148434,-7.881915947605596],[110.96608086138941,-7.8821299721627005],[110.96645542263694,-7.8824867367410905],[110.9669235788345,-7.882727520777649],[110.96738736921894,-7.882945964650679],[110.96794029775269,-7.883213518487904],[110.96881421444768,-7.883316109403539],[110.96893018490056,-7.8834008065707595],[110.96892572799673,-7.883498904508495],[110.96885441753712,-7.883708536038595],[110.96882312825475,-7.883815553803751],[110.96908181059483,-7.884199035395488],[110.96927354844476,-7.884341688775975],[110.9695276829908,-7.884426399959507],[110.96968376564423,-7.884573573906284],[110.96980419306261,-7.884805427578565],[110.96984430521823,-7.885090829414879],[110.96984430521823,-7.885304822449433],[110.96982647759339,-7.885630385453498],[110.97022778111184,-7.885670523937783],[110.97053548965357,-7.885804237423503],[110.97064245544995,-7.885889011930943],[110.9706647399917,-7.886062901977279],[110.97043288981438,-7.886120896582666],[110.96989333118746,-7.886227908172202],[110.96975962400195,-7.886379522303664],[110.96974170542074,-7.886535605587942],[110.96969267945587,-7.887039421586723],[110.96966593802108,-7.887382775324283],[110.96966593802108,-7.887619108480799],[110.96964811039814,-7.887913417529951],[110.96970159326756,-7.887998159606529],[110.96975061923268,-7.888167606547539],[110.96980864996875,-7.8883325882539665],[110.96989778809383,-7.888582303180423],[110.9702589794628,-7.888479715976092],[110.97054886037775,-7.888430681794522],[110.97086093492909,-7.888461907556415],[110.97104821607032,-7.88846186579609],[110.97107504848417,-7.888412824618189],[110.97116418667561,-7.888314774695734],[110.97132918329943,-7.888261277167397],[110.97147189538661,-7.888265673389468],[110.97176614246199,-7.888328152520692],[110.97220319269395,-7.888426209464941],[110.97236373250551,-7.888439627854995],[110.97309503019521,-7.888502054725689],[110.97320645306722,-7.888524300918154],[110.97323765147269,-7.8885287871280605],[110.97345167436869,-7.888537693792],[110.97352753289415,-7.888542125004462],[110.97375938349224,-7.888573375068954],[110.97392438036698,-7.888675968090817],[110.97440154341407,-7.8889657909844795],[110.97485633103992,-7.8893359223190345],[110.9752086096179,-7.889648003363324],[110.97552077597835,-7.8899690709002845],[110.9755608882683,-7.890013682544544],[110.97594882236805,-7.890495278864536],[110.97620741483075,-7.890789519651762],[110.97683174797199,-7.891057090621198],[110.97767447073181,-7.891119486512422],[110.97800892217795,-7.890918841495848],[110.97833891676072,-7.890624555008262],[110.97892304734866,-7.890267810713044],[110.97948043654647,-7.890388257004637],[110.97993076858377,-7.890615680494391],[110.98031424673523,-7.890834130120234],[110.9806665264309,-7.891110624596162],[110.98094749523527,-7.891257783700302],[110.98176347838303,-7.891311296455035],[110.98203544253181,-7.891297896038062],[110.98216032775558,-7.890976851661259],[110.98236989482284,-7.890553210677476],[110.98256163415832,-7.890299049389272],[110.9828960865509,-7.89033920036142],[110.98318596959878,-7.8897149373514965],[110.98344010620461,-7.88958117292974],[110.98377010182418,-7.889621242733296],[110.9838102143059,-7.889986876679143],[110.98386815455895,-7.890379321002193],[110.9840197815725,-7.890602252626235],[110.98424271969505,-7.89053091721505],[110.98430520786428,-7.890352530790465],[110.98449694741356,-7.890147423173809],[110.9847377133766,-7.890027048259834],[110.98483576616597,-7.890147460921035],[110.98475554115609,-7.890432787675381],[110.98481793838567,-7.890865353580238],[110.98496065159122,-7.891097212303506],[110.98539315726654,-7.890936665627603],[110.98569641157279,-7.890664699907058],[110.9858836943276,-7.890419470906395],[110.98628500159022,-7.890044920012123],[110.98636531762872,-7.890035951221308],[110.98643662881435,-7.890027060319715],[110.98684239315448,-7.890027052120008],[110.98690033350843,-7.890040406214183],[110.98702076213098,-7.890058258074054],[110.98718576027233,-7.890102854834178],[110.98724815758894,-7.890120677657431],[110.98731510281743,-7.890160829496945],[110.98752021355378,-7.890285684851119],[110.98818011544323,-7.890544309687351],[110.98867065328757,-7.890914413346267],[110.98903184858777,-7.891199823538634],[110.98918338509198,-7.891320185455907],[110.98943761353036,-7.8915252983804125],[110.98974969149569,-7.89178835354431],[110.99042751302122,-7.892162942897404],[110.99077533780266,-7.892261072527097],[110.99106958816189,-7.892336845103587],[110.9915155571929,-7.892381427820975],[110.99173849627161,-7.892403721252405],[110.99220220236921,-7.8924661824342035],[110.992848826082,-7.89250632404833],[110.99331253247203,-7.892541985607172],[110.99366927175902,-7.8925999190667495],[110.99398589840231,-7.8926534421947405],[110.99444069115223,-7.892836247385443],[110.99484200037203,-7.893121667826159],[110.99493568771437,-7.893219736011238],[110.99517645511104,-7.893469501038734],[110.99535482493381,-7.89365231702953],[110.99565362398879,-7.893995665179985],[110.99588547753685,-7.894249813708937],[110.99594787516226,-7.894321150845338],[110.99598353094919,-7.894544093230063],[110.99609058927297,-7.894713551587787],[110.9962064705925,-7.8948027823985525],[110.99644287214618,-7.894963293066625],[110.99647852794308,-7.894981098739395],[110.99660787117156,-7.895052466325974],[110.9967059246239,-7.895083703631193],[110.9968620097225,-7.895172872016085],[110.99720983577255,-7.895453796085758],[110.99738374882315,-7.89568566147882],[110.99749517325,-7.895957618615795],[110.9975397430227,-7.896073610559236],[110.99757548980037,-7.896274219545307],[110.99764680144045,-7.896501650481869],[110.99777614475413,-7.896684442727872],[110.99800354160129,-7.896871751530723],[110.99813734191977,-7.896965374531104],[110.99864561949609,-7.897331085735728],[110.99868127533723,-7.897357823961418],[110.99893996212462,-7.897464825644676],[110.99913616025113,-7.897487094927256],[110.9993992131278,-7.897442557971851],[110.99956421242783,-7.897286468295713],[110.99968018493288,-7.8970902353914445],[110.99972029777756,-7.89690298096146],[110.99969801286373,-7.896688975807829],[110.99962661018256,-7.8964526194555695],[110.99952409958668,-7.8961761244754465],[110.99947061579985,-7.895908587939166],[110.99947507278205,-7.895681200294945],[110.9995151856221,-7.895578652721855],[110.9996043252699,-7.895471585831289],[110.99981389441865,-7.89529773880834],[110.9998674691746,-7.895253098843062],[111.00000117867444,-7.895226369838796],[111.00017509199809,-7.895172859130628],[111.00038911819843,-7.8950836391100365],[111.0007235739824,-7.89491424087541],[111.00104465887073,-7.8946912421676085],[111.00109814270476,-7.894655618386759],[111.00128097010872,-7.894535198662243],[111.00150391041622,-7.89439693520922],[111.0019319631613,-7.894142809636072],[111.00210141968432,-7.894098230394433],[111.00239576288328,-7.894138331567636],[111.00269892915215,-7.894209704502496],[111.00278815991793,-7.894231997449762],[111.00301555740437,-7.89432119575375],[111.00323404093653,-7.8944103109139325],[111.00342578254292,-7.894539685748487],[111.00369784099593,-7.894771503727478],[111.00385383574773,-7.894860748216048],[111.0039074106248,-7.894891954942984],[111.00420166316155,-7.89497664095542],[111.00441123284931,-7.89500784731561],[111.00478134534808,-7.895074779480499],[111.0050846029795,-7.895088162665955],[111.00533428574089,-7.895083659252553],[111.00555276955544,-7.895074752421714],[111.00583819932484,-7.89504800946943],[111.00622614011336,-7.895016772657831],[111.00653376402904,-7.895034627516519],[111.0066675649857,-7.894762572131093],[111.00674779098895,-7.894388012717985],[111.00674333398867,-7.894133917382487],[111.00661408098551,-7.893870750275984],[111.00645799503488,-7.8936700989169415],[111.00589614030012,-7.8932197846803245],[111.00578016739226,-7.893121636073382],[111.00559288253174,-7.892983414223787],[111.00544134462586,-7.8927961584815],[111.00522276986575,-7.892376962594825],[111.00513808693422,-7.892091569930222],[111.0051158019529,-7.8920113286825835],[111.00510243096423,-7.891855250066805],[111.00510243096423,-7.891694712810957],[111.00510688796044,-7.891596622264402],[111.00502211407526,-7.891351429911282],[111.00481700131168,-7.891097243783336],[111.00456731862222,-7.890972387615416],[111.00446480774302,-7.890945617211419],[111.00399209349828,-7.890562103710557],[111.00381817980328,-7.890446218269023],[111.00428198001381,-7.890276747114808],[111.00437111989936,-7.890254465048842],[111.0046832914518,-7.890218815143535],[111.00474568938517,-7.890214303847166],[111.00513362993793,-7.890236592177289],[111.00518265689767,-7.890258946886434],[111.0056197154756,-7.890419459899677],[111.00579353838596,-7.890406074982262],[111.00598082326736,-7.890334715422887],[111.00651147903042,-7.890089439292144],[111.00668984998624,-7.890004756765309],[111.00721159195535,-7.88960787911402],[111.00752367304148,-7.889523189101521],[111.00786258715888,-7.88953205252519],[111.00786704416193,-7.889532054846353],[111.00787150116498,-7.889532057167458],[111.00786704416193,-7.889518736159815],[111.00786704416193,-7.889514270483152],[111.00788932917732,-7.889491953714299],[111.0078893291773,-7.8894874880399914],[111.00843335651548,-7.888849875324979],[111.0085181305612,-7.888742818500256],[111.00852704457053,-7.888733891948461],[111.00865184070578,-7.888577817938784],[111.00877672780894,-7.888408421320673],[111.00896401300021,-7.888131962974568],[111.00951249766904,-7.886905711805724],[111.00978892309004,-7.886285863436373],[111.01010555258925,-7.885287032858158],[111.00964175087972,-7.885046217332121],[111.00794736117781,-7.884172242164128],[111.00734084500138,-7.883855672136177],[111.0071223609698,-7.883744157868741],[111.00702430694592,-7.883699606917204],[111.0064891940321,-7.883454357518263],[111.00596299527395,-7.883369627791703],[111.00577571039439,-7.8833205655593055],[111.00572668341846,-7.88331160735204],[111.00556168355008,-7.883222447945605],[111.00550374258556,-7.88319570173366],[111.00546808660833,-7.883177898705215],[111.00512025894915,-7.882999490914726],[111.00478580234349,-7.882856812597985],[111.00439340487144,-7.882691852472804],[111.00423731911364,-7.882624945260374],[111.00380480882427,-7.882442099799789],[111.00369338400323,-7.882397539489339],[111.00362198116235,-7.882366324481745],[111.00323404093653,-7.8822057515320365],[111.00298435846751,-7.882098758260825],[111.00272567109371,-7.882040804280167],[111.002257505256,-7.881938231946395],[111.00216836547563,-7.881898070668352],[111.00145488355714,-7.881585963587018],[111.00144151259582,-7.881501271599254],[111.00137456683173,-7.881099909189233],[111.00145488355714,-7.88051132099773],[111.00145488355714,-7.88027944237113],[111.00137456683173,-7.88006538246297],[111.00121857229612,-7.879909320769187],[111.0010268309264,-7.879855863848914],[111.00100454599625,-7.879846920146188],[111.0006478052339,-7.879909308098666],[111.00000117867444,-7.8801100329686795],[110.99942149803789,-7.880404329782795],[110.9989756179717,-7.880649585604933],[110.99833353995768,-7.881068722252948],[110.99783854244609,-7.881242589906363],[110.99734354507248,-7.881291662108032],[110.99675049437677,-7.881193551526141],[110.99618418572277,-7.880997373238666],[110.99539048070879,-7.88069859050187],[110.99487319916607,-7.880382029085296],[110.99447634690877,-7.880083240671783],[110.99400818324432,-7.879494628789704],[110.99353992874556,-7.878852517422784],[110.99309405016007,-7.8781881693066245],[110.99255002750184,-7.877447935166466],[110.99217991755005,-7.876908353979238],[110.99170729753307,-7.876145840057343],[110.99128816118089,-7.875454729059779],[110.99099381982664,-7.875133682472347],[110.99039631430595,-7.87511137161044],[110.98997717826671,-7.875133666977568],[110.98958032711354,-7.8753298838602825],[110.9890140207646,-7.875601825587399],[110.98854576759672,-7.875650884591817],[110.9883228289239,-7.875552820578223],[110.98817120153598,-7.875378894438976],[110.98812217504683,-7.874999866684296],[110.98753804136172,-7.87329207664803],[110.98750684269795,-7.873207296917058],[110.98748892393213,-7.873162716925879],[110.98705641773682,-7.87257413859895],[110.98701184822963,-7.872516140684539],[110.98679782365274,-7.872489365960451],[110.98662836859836,-7.872467086523303],[110.98644999966199,-7.87257859671507],[110.98601303677611,-7.872948677250376],[110.98561172957615,-7.873358893450825],[110.98508108007972,-7.873523914836049],[110.98490716824705,-7.873608639850006],[110.9843720620216,-7.873876202560007],[110.9838859823295,-7.873742398543761],[110.98383249901839,-7.873729044640807],[110.98364967342653,-7.873675498298377],[110.98326619453617,-7.872810482335866],[110.98312348146983,-7.872257490956437],[110.98305217042005,-7.871963212059023],[110.98286488797034,-7.871410273400906],[110.98264640696426,-7.870955469357314],[110.98236098094534,-7.870991155582029],[110.98202652865604,-7.871035737363684],[110.98140674152758,-7.871227471499575],[110.98109903103541,-7.871490550712751],[110.98075129914402,-7.872056839666954],[110.98015816311302,-7.872480481590814],[110.97966771862971,-7.872502786282772],[110.97960532158564,-7.872462633451483],[110.97918609718914,-7.872203994538396],[110.97900327208828,-7.871423709135577],[110.97912370016249,-7.870732549835008],[110.97972565874409,-7.870402545982839],[110.98087163638233,-7.869715871623599],[110.9803811916964,-7.869854103466589],[110.97986837153019,-7.870010106387678],[110.9788963057696,-7.870094896157623],[110.97835674447427,-7.870166199206929],[110.97805349145362,-7.870380238921254],[110.97744261960429,-7.870955430507641],[110.97696099878614,-7.871437030548784],[110.97626544578624,-7.87182949009875],[110.97549840041566,-7.871949839986104],[110.97498567266275,-7.8714771750429104],[110.97497675882346,-7.871887429509674],[110.97494556038627,-7.871945378031298],[110.97483404644342,-7.872163869424496],[110.97455307863758,-7.872449303724885],[110.97425437416423,-7.872792616010081],[110.97415623101888,-7.872948683295394],[110.97404480808495,-7.87298432676842],[110.97400014795592,-7.873042350133505],[110.97389763886581,-7.873479342400608],[110.97377275424168,-7.873626461812041],[110.97362112812984,-7.873697805965206],[110.97351861906245,-7.873782577041105],[110.97351861906245,-7.873889592333802],[110.97359884354944,-7.874059025470612],[110.97361667121375,-7.87421509623308],[110.97358101588534,-7.874545050294478],[110.97357655896936,-7.874558443765774],[110.97350970523078,-7.874616370091207],[110.97313959934314,-7.8747902738333],[110.97293003340054,-7.8749998555531455],[110.97293003340054,-7.875004321144928],[110.97287200255815,-7.875124699207946],[110.97285417490163,-7.875592949655084],[110.97281851958914,-7.87595855904841],[110.97276057970795,-7.876489228763601],[110.97250635372191,-7.876868253893592],[110.97212733422734,-7.877202693917019],[110.9717438579058,-7.877394385029687],[110.97138712313198,-7.8775549135168275],[110.97119092813395,-7.877635165525646],[110.97113298830807,-7.877644134942514],[110.97095016406666,-7.877782373867061],[110.9708431072936,-7.8779740996567575],[110.97070494312493,-7.8782193116575305],[110.9702144103902,-7.878848047824199],[110.96998701718087,-7.879039850884002],[110.96967930873842,-7.879133431160544],[110.9693270313024,-7.879218205333645],[110.96872953328278,-7.879218194691484],[110.96863139045571,-7.879209277312079],[110.96823454421657,-7.879173594826796],[110.96787335327839,-7.879120072755266],[110.96743639511718,-7.879004129537972],[110.96709303194513,-7.878919435042203],[110.9667986947225,-7.878901607978415],[110.96654010368813,-7.878919450832882],[110.96645987953426,-7.878981840033359],[110.96599163250806,-7.879490182745836],[110.96578206744746,-7.879726506859699],[110.96550555803228,-7.87999851879971],[110.96539859256015,-7.880145668767208],[110.96504631601489,-7.880368659132006],[110.96518457067918,-7.880810117887612]]]},"id":"000500000000000018a7","properties":{"FCODE":"BA03070040","KDBBPS":"3312","KDCBPS":"3312080","KDCPUM":"33.12.06","KDEBPS":"3312080011","KDEPUM":"33.12.06.2011","KDPBPS":"33","KDPKAB":"33.12","KDPPUM":"33","LUAS":7.28259144,"LUASWH":0.0,"METADATA":"TASWIL1000020221227_DATA_BATAS_DESAKELURAHAN","NAMOBJ":"Ngadipiro","OBJECTID":17957,"REMARK":"Wilayah Administrasi Kelurahan/Desa","SRS_ID":"SRGI 2013","TIPADM":1,"UUPP":"Hasil Delineasi Batas Desa 2017","WADMKC":"Nguntoronadi","WADMKD":"Ngadipiro","WADMKK":"Wonogiri","WADMPR":"Jawa Tengah","WIADKC":"","WIADKD":"","WIADKK":"","WIADPR":""}},{"type":"Feature","geometry":{"type":"Polygon","coordinates":[[[111.43367555056997,-7.730284240993404],[111.43368000826096,-7.730288685748518],[111.43370675440694,-7.730324320458438],[111.43373350055302,-7.730364477249527],[111.43373350055302,-7.730368921358119],[111.43384940052081,-7.730551770499894],[111.43389852609654,-7.730623112599302],[111.43391189917001,-7.730645413092819],[111.4340010529939,-7.730792549785418],[111.43404562990636,-7.7308594519879],[111.43405454528889,-7.730872785651315],[111.43408574912785,-7.730921831484859],[111.43409020681915,-7.730930798355054],[111.43413032604094,-7.7309664350757155],[111.43424631698988,-7.731073495776344],[111.4346119386706,-7.731327637641389],[111.43478142193067,-7.731443593803275],[111.43487057576777,-7.731510424155042],[111.43495972960622,-7.731577332449273],[111.4350445167273,-7.731653123682493],[111.43512921287629,-7.731733441800601],[111.43520499364222,-7.7318136807672895],[111.43524957056381,-7.731862728461972],[111.43528523210132,-7.7319206633343],[111.43531652692013,-7.731974226675041],[111.43534327307356,-7.732036604606286],[111.43536556153482,-7.732099059962233],[111.43537893461162,-7.732152547859348],[111.43539230768846,-7.732206113759315],[111.43541013845761,-7.732268490688695],[111.43542796922682,-7.732326501434397],[111.43545471538076,-7.732384435394785],[111.43547254615011,-7.732415625058964],[111.43549483461187,-7.732442449065927],[111.43552603845848,-7.732464674073021],[111.43555278461284,-7.732482532272134],[111.4355884461522,-7.732491503194986],[111.43562419866505,-7.732500391381038],[111.43565540251235,-7.732500395349735],[111.4356910640523,-7.7324959556799095],[111.43572672559249,-7.7324869938395935],[111.43575347174776,-7.732473664638102],[111.43576684482545,-7.732464699971845],[111.43580696405868,-7.732442406117204],[111.43584262559956,-7.732411223324535],[111.43587828714065,-7.73237551839856],[111.43590512426994,-7.7323398855740955],[111.43591403965527,-7.732322032001483],[111.43591403965527,-7.732317587817371],[111.43591849734796,-7.73225958011647],[111.43592295504064,-7.7322016504376085],[111.43591849734796,-7.7321391975279425],[111.43591849734796,-7.732125787045951],[111.43591403965529,-7.732067856339393],[111.43591403965527,-7.731992071638595],[111.43591403965527,-7.731916209057349],[111.43591403965527,-7.731885021998937],[111.43590958196262,-7.731853834375241],[111.43590512426994,-7.731835979218362],[111.43590512426994,-7.731818124646442],[111.43590958196262,-7.73179582651185],[111.43591403965529,-7.731777972533305],[111.43592295504064,-7.731760197110302],[111.4359363281187,-7.7317423443089],[111.4359497011968,-7.731728935657742],[111.43598982043127,-7.731702198084735],[111.43602993966603,-7.73167990466801],[111.43607005890104,-7.731662055399942],[111.43611463582914,-7.73165317295755],[111.43616367045045,-7.731644213129922],[111.43619942296681,-7.731644213023331],[111.43623508451006,-7.731648661804926],[111.4362707460535,-7.731662076808794],[111.4363019499042,-7.731679935357352],[111.43633315375507,-7.731702238032824],[111.43635544222008,-7.731728983682711],[111.43637773068517,-7.731760173469266],[111.43639110376425,-7.731791362110606],[111.43640001915034,-7.731827072292525],[111.43641784992252,-7.7319251575640715],[111.43643122300172,-7.731974200816681],[111.43644013838785,-7.732023243529082],[111.43647143321277,-7.73211688182656],[111.43650709475764,-7.732206081383867],[111.43655167168905,-7.732295282141496],[111.43657841784805,-7.732339883104649],[111.43660516400718,-7.732379961943621],[111.43664082555286,-7.732415675699775],[111.43668094479199,-7.73244686787003],[111.43672106403142,-7.732473615861888],[111.43676573193775,-7.732495915462809],[111.43681476656444,-7.732513776192746],[111.43686380119154,-7.7325271147684465],[111.43691283581904,-7.73253156498621],[111.43709123453215,-7.732544992614572],[111.43715809993594,-7.732549444971157],[111.43716701532317,-7.732540479760056],[111.43717147301679,-7.732540480305529],[111.43722942303414,-7.732487001496798],[111.43724279611514,-7.732478114813107],[111.43730520382691,-7.732420114509723],[111.43743456791957,-7.732237291875195],[111.43768428975194,-7.731769126178047],[111.43771103591602,-7.731724532604538],[111.43774669746833,-7.731684384286882],[111.43778235902084,-7.731648680096956],[111.43782247826766,-7.73161749855189],[111.43786705520891,-7.731586239625785],[111.43791172312383,-7.731563942091531],[111.43796075775995,-7.7315461719384],[111.43802316547924,-7.731532769584163],[111.43809003089345,-7.731523811864384],[111.43815243861407,-7.731519375618852],[111.4382149373087,-7.731523822744482],[111.43828180272507,-7.731528275174374],[111.43847357456282,-7.731564002758334],[111.43866525543334,-7.731604101032584],[111.43885256958848,-7.731653159915255],[111.43899075813114,-7.73168880726379],[111.43912903765036,-7.731733415843154],[111.43926722619938,-7.731778029086186],[111.43940104802965,-7.731831525055477],[111.43958381353887,-7.731902885737732],[111.43977112772258,-7.73196527592049],[111.43995844191208,-7.732027743887305],[111.4400921727843,-7.732063389931841],[111.44014566513401,-7.732081250351],[111.44033743703108,-7.732125786307231],[111.44050692045371,-7.73217039749852],[111.4405916166801,-7.732192705421771],[111.44067631290768,-7.732219457363329],[111.44084133864342,-7.7322729558690995],[111.44100627341027,-7.7323309030505065],[111.44105976576803,-7.73235320727092],[111.44111334909967,-7.732384472786862],[111.4411623837618,-7.732415664591721],[111.44120696072774,-7.732455821971026],[111.44124707999734,-7.732500344948484],[111.44129165696388,-7.732553912474178],[111.44133177623405,-7.732616289683511],[111.44134960702087,-7.73264755602029],[111.44136752878114,-7.73267873963486],[111.44139427496157,-7.732741193411767],[111.44141656344534,-7.732808090819337],[111.4414343942324,-7.73287943187548],[111.44145222501953,-7.732968549330313],[111.44147897120031,-7.733057745801847],[111.44151017507805,-7.733146942836071],[111.44154583665281,-7.7332316963244345],[111.44158595592464,-7.733316372382525],[111.4416171598029,-7.733369938816523],[111.4416529123517,-7.733418978893297],[111.44165737004863,-7.7334234234661725],[111.44169303162424,-7.733468024207444],[111.44173760859402,-7.733508103794172],[111.4417866432612,-7.733548261803174],[111.44183567792875,-7.733579453606588],[111.44187579720248,-7.733597312139765],[111.44191591647649,-7.733610726548233],[111.44196058442132,-7.733615170439164],[111.44200070369588,-7.733615174518942],[111.44204082297071,-7.733610734480716],[111.44208539994307,-7.733597328702806],[111.44212106152116,-7.7335794779152565],[111.44215672309947,-7.733557183029562],[111.44221021546733,-7.733508147384124],[111.4422593411117,-7.733459106579295],[111.44230391808561,-7.7334055480826],[111.44234403736245,-7.73334762307488],[111.44239307203445,-7.733276288841091],[111.44244210670686,-7.733213842869157],[111.44250005677478,-7.733151397901684],[111.44258038630466,-7.733062208212821],[111.44266062486214,-7.732968579418852],[111.44273640572298,-7.732874950363664],[111.44280781986039,-7.7327768722420025],[111.44283902374491,-7.7327367232441695],[111.44287914302522,-7.732696575212743],[111.44291926230581,-7.73266539323754],[111.4429682969824,-7.732634134252631],[111.4430173316594,-7.732611841298613],[111.44306636633681,-7.732598514358719],[111.44311994968602,-7.732585105157603],[111.44317344206229,-7.732580666715923],[111.44332500379751,-7.732580682462632],[111.44347219881166,-7.732580614951289],[111.4436193028559,-7.732589596075115],[111.44376649787706,-7.73260293839124],[111.44390914422974,-7.73261628493301],[111.44404742386047,-7.732620738189636],[111.44418561252083,-7.73262075215527],[111.44427485747035,-7.732620756370759],[111.44436401144772,-7.732629731264289],[111.44445316542635,-7.732643072146521],[111.44454241037973,-7.732665374162777],[111.44462710666184,-7.73269656843045],[111.44470734524597,-7.732732284170237],[111.44478758383113,-7.732776809883133],[111.44485008259376,-7.7328125190501895],[111.44490803268427,-7.732857120505075],[111.444961525076,-7.732906165508051],[111.4450105597688,-7.732955210078616],[111.44505513676259,-7.733013142211634],[111.44507296756022,-7.733044407820048],[111.44508634065846,-7.73307559504527],[111.4450952560573,-7.733111303820269],[111.44510417145617,-7.733178198601311],[111.4451086291556,-7.733240571048065],[111.44510417145615,-7.733303020676602],[111.44509971375673,-7.733369914385156],[111.44508188295904,-7.733432362893363],[111.4450640521614,-7.733494733507389],[111.44504176366443,-7.733570591806619],[111.4450239328669,-7.733650816696171],[111.4450105597688,-7.733731120074639],[111.44500610206944,-7.7338113464128355],[111.44500610206944,-7.7338960952800075],[111.4450105597688,-7.7339763226324605],[111.44502839056629,-7.734087815683219],[111.44504622136382,-7.734203752973927],[111.44507296756022,-7.734315247148878],[111.44509971375673,-7.734426741475761],[111.44511754455446,-7.734484672148067],[111.44514438172463,-7.734538154771286],[111.44517112792144,-7.7345917201513315],[111.44520233181788,-7.734640763872009],[111.44583550712622,-7.735608378289107],[111.44599607530012,-7.735849150068877],[111.44608077160198,-7.735398816573168],[111.44611197550299,-7.735318512904533],[111.44657130058238,-7.73435978796417],[111.44666045459259,-7.734150223967457],[111.44681201641285,-7.733851474119416],[111.44685213571881,-7.733757841661857],[111.44685213571881,-7.73373998770467],[111.44692354990354,-7.733641909400293],[111.44697704231251,-7.733481384922336],[111.44701270391876,-7.733236112214294],[111.44701270391876,-7.733169218965798],[111.44701270391876,-7.733030988727007],[111.44700824621796,-7.732870460732244],[111.44698595771406,-7.732638594837323],[111.44697704231251,-7.732504808770981],[111.44697704231251,-7.732344282430953],[111.44697704231251,-7.732099088752423],[111.44695475380873,-7.73156839544545],[111.446968126911,-7.731354390751557],[111.44702607702115,-7.730944161953389],[111.44714652591742,-7.7304313412010375],[111.44720001832829,-7.730199491807277],[111.44722230683296,-7.729882897303543],[111.4473248339554,-7.7293120870435885],[111.44738278406885,-7.728794834966152],[111.4474452828574,-7.728451507868267],[111.44747648676515,-7.728344474774219],[111.44755226768466,-7.728130488736826],[111.44761021780018,-7.727796057037768],[111.44767262561749,-7.727564141405977],[111.44767262561749,-7.727229705939264],[111.44774403981154,-7.727238674879165],[111.44783319383835,-7.727220833608291],[111.44831480755188,-7.727153917545821],[111.44831926525359,-7.727015701521959],[111.44833263835875,-7.726850669998495],[111.44842179239386,-7.726600988268626],[111.44849311562284,-7.726329010270335],[111.44852877723764,-7.725927701880839],[111.448488657921,-7.725905401703689],[111.44851094643022,-7.725669045886585],[111.44871163399013,-7.724661279155454],[111.4507182370163,-7.7251874543803645],[111.45065582916912,-7.725459425241978],[111.45079847567784,-7.725446112759088],[111.45087871434039,-7.72553530114244],[111.4508608835264,-7.72562892098941],[111.4509233823491,-7.725664548524451],[111.45094121316328,-7.72560218795095],[111.45111060590025,-7.725771601211979],[111.45117301375184,-7.7257983467355045],[111.45119975997413,-7.725780498584523],[111.45131575124557,-7.725731474979032],[111.45137815909915,-7.725727039092009],[111.45151643889348,-7.725726972841594],[111.45162788149305,-7.7257136560795425],[111.4517705280233,-7.725660119197336],[111.4518820616008,-7.7256199818370375],[111.45217190335362,-7.725553127770891],[111.45251523757477,-7.725544198780896],[111.45266243280287,-7.72557983551435],[111.4528719449287,-7.725709183112819],[111.45295227459054,-7.725267743512259],[111.45292989509237,-7.725227600349671],[111.4529388105022,-7.724919925459547],[111.45297902082021,-7.724643431576446],[111.4530146824599,-7.724393758336398],[111.4530503440998,-7.724304586819618],[111.4530637172148,-7.72418415446151],[111.45103036723481,-7.723849753112505],[111.45095012857037,-7.724210891921732],[111.45094121316328,-7.724246592669508],[111.45005385729831,-7.724010218484025],[111.44892569466279,-7.7237159715124974],[111.44830589214845,-7.723546504493866],[111.4470706540293,-7.723216534578455],[111.44615655250466,-7.7229668092686605],[111.44487682878932,-7.722614519833523],[111.44413657783454,-7.7224139225558694],[111.44251797853842,-7.721976911468051],[111.44284348144271,-7.719568966697911],[111.44282119295374,-7.719519932194387],[111.44273194802527,-7.719140929512225],[111.44231729117786,-7.719105234952588],[111.44197841521,-7.718989265702942],[111.44193829593557,-7.718873347224397],[111.4419292895679,-7.718735146008493],[111.44197395751283,-7.71852998739152],[111.4420363652735,-7.718333801776355],[111.44210323073209,-7.718173318170061],[111.44219684237532,-7.718150964813385],[111.44237524124458,-7.718168844240476],[111.44242873361436,-7.718195590729378],[111.44250897216988,-7.718262485741201],[111.44262050558326,-7.718275831250619],[111.44262942097855,-7.718195624013773],[111.44259821709511,-7.718133181479057],[111.44256701321183,-7.718101918285219],[111.44250897216988,-7.717491033931662],[111.44237078354713,-7.717308220135922],[111.44217009619139,-7.717187834792116],[111.44196058442132,-7.717161057564904],[111.44170194701817,-7.717201232151152],[111.44147005580672,-7.717308213255889],[111.44113117988586,-7.71754901052201],[111.44075209374388,-7.717820985618448],[111.44057824359166,-7.717789771767781],[111.44042213325511,-7.717669392646856],[111.44023045232875,-7.717428648893823],[111.44003868043505,-7.717071923089069],[111.43964185455293,-7.716291510113985],[111.43942779420138,-7.716122090170611],[111.4389060619272,-7.7157073872725315],[111.43931180315134,-7.715207987475026],[111.43959272892971,-7.714668424083896],[111.4392939723705,-7.714583714345242],[111.43940550572492,-7.713928215329234],[111.43943670959199,-7.713540292397452],[111.43698861660778,-7.712795632687195],[111.43662299477998,-7.712666318224756],[111.43670769095156,-7.712871410785994],[111.43673443711128,-7.712947257414861],[111.43675681655112,-7.713023020353772],[111.43677018963108,-7.71310330681034],[111.43677018963108,-7.713134484812676],[111.43676573193775,-7.713161296853948],[111.43675681655112,-7.713192472780895],[111.43674335249787,-7.713219209552116],[111.4367255217247,-7.713246018481414],[111.43671214864486,-7.713259343955953],[111.43670323325831,-7.713268305553213],[111.43668094479199,-7.713286149757762],[111.43665419863254,-7.713299472093971],[111.43662299477998,-7.713308428447551],[111.4365917909276,-7.713312863974163],[111.4365561293822,-7.713312855564335],[111.43652492553016,-7.713308405317988],[111.43649372167829,-7.713295069298062],[111.43646697551968,-7.713281656381247],[111.43615029737188,-7.7130765166997275],[111.43609680505786,-7.713045325842602],[111.43604331274433,-7.713023020726962],[111.43598982043127,-7.713000715596458],[111.4359363281187,-7.7129829312738405],[111.43591403965529,-7.7129784051083865],[111.43589175119195,-7.712978399764185],[111.43587382944801,-7.712982921062471],[111.4358515409848,-7.712987358596185],[111.43583371021433,-7.712996240080382],[111.43581587944388,-7.71300964239441],[111.43580250636609,-7.713023045782053],[111.43578913328832,-7.713040892059215],[111.43578021790317,-7.71305873941189],[111.43577576021059,-7.713067624117951],[111.43577576021059,-7.713076509893637],[111.43577576021059,-7.713085473615941],[111.43578021790317,-7.713094360461548],[111.43578021790317,-7.713103324186055],[111.43578467559574,-7.713112211033321],[111.43579359098091,-7.713116656057357],[111.4357980486735,-7.713121100014476],[111.43584708329217,-7.713161253649827],[111.43585599867745,-7.71316569867136],[111.43590958196262,-7.713214734399092],[111.43595861658221,-7.71327273755243],[111.43599873581675,-7.7133307385999315],[111.43603885505155,-7.7133886617210825],[111.43608788967224,-7.713482286111917],[111.43613246660048,-7.713580430383919],[111.43617267680952,-7.71367849100178],[111.4362127960455,-7.713776634412166],[111.43630640759719,-7.714021874883765],[111.43631086529015,-7.714039725621737],[111.43631086529015,-7.714057575328141],[111.43631086529015,-7.7140753470930425],[111.43630640759719,-7.714093195774551],[111.43629749221124,-7.714111043427545],[111.43628857682532,-7.714128891086998],[111.43627520374645,-7.714142294771891],[111.43621725373839,-7.714191309675875],[111.43620833835259,-7.714200193514487],[111.43613246660048,-7.714258172972326],[111.43611909352197,-7.714271576699537],[111.43610126275068,-7.714289422360241],[111.43609234736505,-7.714311713055763],[111.43608343197944,-7.714334003760916],[111.43607897428663,-7.714356295506544],[111.43607897428663,-7.714378588291099],[111.43608343197944,-7.714400882112844],[111.43609234736505,-7.714423176969873],[111.43609680505786,-7.714441027831457],[111.43611909352197,-7.7144945045459785],[111.43614138198618,-7.714565909097628],[111.43616367045045,-7.714641678743495],[111.4361592127576,-7.7146416777211675],[111.43616821911665,-7.714655081914138],[111.43622616912421,-7.7148021814858545],[111.43627520374645,-7.714904771301618],[111.43622616912423,-7.715029631948411],[111.43603439735878,-7.715372953247164],[111.43597198966036,-7.715493369001423],[111.43592741273334,-7.715600381939476],[111.43590066657727,-7.715653926466996],[111.43578467559574,-7.715912538699555],[111.43577130251802,-7.715939272149492],[111.43566431789732,-7.716202404122562],[111.43559745251038,-7.71636732998547],[111.43553941153564,-7.716576928234181],[111.43553049615086,-7.716634920850577],[111.43545471538076,-7.717049598278849],[111.43545025768843,-7.717067447922107],[111.43545471538076,-7.71719232536206],[111.43542351153454,-7.717433107964467],[111.43542351153452,-7.717562428352555],[111.43542351153454,-7.717687227834965],[111.43542796922682,-7.717910169109318],[111.43543242691915,-7.718137632318131],[111.43542796922682,-7.718289247341142],[111.4354591730731,-7.718730696023136],[111.4354903769195,-7.718949202987212],[111.43585154098481,-7.719658174874967],[111.43600765120223,-7.7202958609326435],[111.43572672559249,-7.721410561687613],[111.43559299481792,-7.72193229341162],[111.43545025768843,-7.722503067889222],[111.43541459614993,-7.72280187013102],[111.43532544230459,-7.723252213615673],[111.43512029749213,-7.724224321504335],[111.43495972960622,-7.7245185936835465],[111.43450941176256,-7.725441644468991],[111.43418836700178,-7.725941012648281],[111.43409020681915,-7.7262888655067306],[111.43406791836271,-7.727327789397446],[111.43400996837636,-7.728728012057082],[111.43385831590305,-7.729530646162871],[111.43366663518803,-7.730279717620764],[111.43367555056997,-7.730284240993404]]]},"id":"00050000000000001b16","properties":{"FCODE":"BA03070040","KDBBPS":"","KDCBPS":"","KDCPUM":"35.20.17","KDEBPS":"","KDEPUM":"35.20.17.2001","KDPBPS":"","KDPKAB":"35.20","KDPPUM":"35","LUAS":2.33188117,"LUASWH":0.0,"METADATA":"TASWIL1000020221227_DATA_BATAS_DESAKELURAHAN","NAMOBJ":"Sukowidi","OBJECTID":15260,"REMARK":"","SRS_ID":"SRGI 2013","TIPADM":1,"UUPP":"Hasil Delineasi Batas Desa 2019","WADMKC":"Nguntoronadi","WADMKD":"Sukowidi","WADMKK":"Magetan","WADMPR":"Jawa Timur","WIADKC":"","WIADKD":"","WIADKK":"","WIADPR":""}},{"type":"Feature","geometry":{"type":"Polygon","coordinates":[[[111.44600499070027,-7.7358670053691005],[111.44603619460086,-7.735920493657842],[111.44604511000107,-7.735933904801967],[111.44636169768992,-7.736384266847723],[111.4463839861916,-7.736411011563488],[111.44647759789956,-7.7365492560751195],[111.44651325950296,-7.736602744918284],[111.4465444634061,-7.736660755636213],[111.44656684288191,-7.736718683022469],[111.44658913138433,-7.736781137388243],[111.44660250448582,-7.7368435132112765],[111.44661141988682,-7.736910410963202],[111.44662033528785,-7.737035317592389],[111.44662033528785,-7.737164590111829],[111.44661587758732,-7.737293940558126],[111.44660696218632,-7.737418768750768],[111.44659804678533,-7.737503520889344],[111.44659804678533,-7.737583751489843],[111.44660250448582,-7.7376685047131515],[111.44661141988682,-7.737748736081226],[111.44662925068887,-7.737828968102558],[111.44664708149098,-7.737909278173912],[111.44666936999369,-7.73797173347968],[111.4467005738976,-7.738029667117568],[111.44673177780166,-7.738087600782467],[111.44677189710713,-7.7381367243954005],[111.44681647411349,-7.738185770317343],[111.44695029610797,-7.738315048158597],[111.44708848483268,-7.738435442410078],[111.44723567993579,-7.7385513880602534],[111.4473248339554,-7.7386227360592805],[111.44738278406885,-7.738667338419654],[111.44747648676517,-7.7387342375438095],[111.44757455619057,-7.738796619358938],[111.44767262561749,-7.738854634782204],[111.44777524372077,-7.738908123338299],[111.44781982073425,-7.738930425302426],[111.44786885544943,-7.738943760877145],[111.44791343246355,-7.738952729852859],[111.44796246717948,-7.738957176762553],[111.44801150189575,-7.738957179343131],[111.44808291609361,-7.73894821170967],[111.44815423931878,-7.738934882494481],[111.44822556254476,-7.738912586684843],[111.44829688577154,-7.73888132430102],[111.4483638422709,-7.738850134911668],[111.44842625009565,-7.73880998351607],[111.44850203102652,-7.738756499979077],[111.44858226966022,-7.738711905324473],[111.44866705697038,-7.738671750469634],[111.44875175330817,-7.738636122674556],[111.44884090734917,-7.7386093836933885],[111.44893015236492,-7.738587084228672],[111.44901930640842,-7.7385692338068255],[111.44911291815544,-7.738560272142517],[111.44920662087736,-7.73855582792481],[111.44932697884161,-7.738560278335966],[111.44944733680813,-7.738569250923231],[111.44956778575046,-7.738582584971129],[111.44968368601884,-7.7386048899812385],[111.44980413496563,-7.738631634629323],[111.44992003523832,-7.738667350230048],[111.4500359355131,-7.738707432042606],[111.45014746906051,-7.738752031024458],[111.45024553852714,-7.738801078336484],[111.45025445393328,-7.738805523004397],[111.45038381829711,-7.73887242190904],[111.45050863398679,-7.73894376955295],[111.45062908294909,-7.73902407863811],[111.45074498323669,-7.739108758530501],[111.4508608835264,-7.739197960608797],[111.4509679593846,-7.739296046036673],[111.4510571134565,-7.739367391909616],[111.45114626752965,-7.739438737762006],[111.45123997028132,-7.739501190454365],[111.45133803976464,-7.7395591258116605],[111.4513469551723,-7.739559126159867],[111.45144056695334,-7.739608172746018],[111.4515431851172,-7.739652770581314],[111.4516501700132,-7.739692929023389],[111.45175269720684,-7.739724120722027],[111.45185531537568,-7.739746419048869],[111.45195784257258,-7.739764277823273],[111.45206036977112,-7.73977761430962],[111.45216744564922,-7.73977761333406],[111.45227443055553,-7.739777617094551],[111.45237704873264,-7.73976872737209],[111.45247957593782,-7.739750875915055],[111.45258210314458,-7.739728580198978],[111.45272038296466,-7.739688425971285],[111.45285411410921,-7.739643832153356],[111.45298347852516,-7.739594789225448],[111.45311275197008,-7.739536862673873],[111.45324211639117,-7.73947440925144],[111.45336247443079,-7.739407516188978],[111.45363448542801,-7.739251427762481],[111.45374592806392,-7.73918009060357],[111.45390203873097,-7.739086451472857],[111.45395553119816,-7.7390463777660585],[111.45400456596015,-7.739006225979337],[111.4540491430168,-7.738957185751891],[111.45408480466234,-7.7389081452719655],[111.45412055728167,-7.738854577952161],[111.45415176122185,-7.7387966491259075],[111.45417404975065,-7.738734197940982],[111.45419188057373,-7.738676268779125],[111.4542007959853,-7.738609373118704],[111.45420525369109,-7.738546921502462],[111.4542007959853,-7.7384800254937325],[111.45419633827952,-7.738417573672569],[111.45417850745642,-7.7383551993725215],[111.45416067663335,-7.738292747150695],[111.45414284581035,-7.738248149391735],[111.45413838810461,-7.738203552168507],[111.45413393039887,-7.738154510865754],[111.45414284581035,-7.7381054701200895],[111.45415621892761,-7.738060873691348],[111.45417404975065,-7.738016277475423],[111.4542007959853,-7.737976125745367],[111.45424091533748,-7.7379315304930145],[111.45428103468991,-7.737887013253239],[111.45433006945431,-7.737851306613227],[111.454383561925,-7.737820122228646],[111.45443714536971,-7.7377932992084535],[111.45449063784127,-7.737771003015199],[111.45454858801929,-7.737757673117856],[111.45461099590386,-7.7377487095007895],[111.45466894608295,-7.737748711800481],[111.45473144494228,-7.737753231526519],[111.45493649942813,-7.737779981866762],[111.45514164489396,-7.737815615373886],[111.45534679036619,-7.737855770710405],[111.45548052156438,-7.737882517908308],[111.45561434373887,-7.737904816199402],[111.45574807494249,-7.737918153114343],[111.45588189712241,-7.7379315631530705],[111.45609586705812,-7.737909272381401],[111.45610924017934,-7.737909272840914],[111.45611369788642,-7.737909272993966],[111.45613152871475,-7.737909273605574],[111.45618956988079,-7.737904826779038],[111.45618956988079,-7.737833488325371],[111.45618956988079,-7.737797780144787],[111.45610032476519,-7.737499018766629],[111.45609586705812,-7.737476720580058],[111.45604237457354,-7.737111063178772],[111.45594876272659,-7.736633995011254],[111.45594430501961,-7.736625028943719],[111.45594430501961,-7.736616141029867],[111.45587298170857,-7.736223745433803],[111.45582385595907,-7.735849133287632],[111.45583277137284,-7.735514749988797],[111.45589527024319,-7.735318516026769],[111.45593984731265,-7.735180290679109],[111.4560691208158,-7.734881545989569],[111.45633667421768,-7.734551543057731],[111.4565150734828,-7.734341987683667],[111.4575183306325,-7.733298529579248],[111.45769672992925,-7.73310683295507],[111.45792862173009,-7.732968620100859],[111.45833882187914,-7.732487011323999],[111.45861529078947,-7.732121322589906],[111.45889175971116,-7.7317289755241445],[111.45896754076341,-7.731581797566368],[111.45903440639846,-7.7314524715542],[111.45904332181652,-7.731434698006726],[111.45956951345,-7.730725633937072],[111.45975682822015,-7.730475950593992],[111.46011353596333,-7.7295127645626724],[111.4603721741066,-7.728513964477348],[111.46043903975551,-7.728045710438047],[111.46049253227513,-7.727657826923738],[111.46047024372524,-7.727524060496336],[111.4603632586868,-7.726931000295266],[111.45994414299545,-7.726395838453195],[111.45961409054394,-7.726097112997275],[111.45908798988063,-7.725976713573421],[111.45878031698882,-7.725811746478465],[111.45860191766324,-7.725481771784641],[111.45860191766324,-7.725477328648334],[111.45860191766324,-7.725472807562573],[111.45870890267383,-7.7250225042609175],[111.45872227580027,-7.724977918711131],[111.45893187909166,-7.724719222913677],[111.45905223723459,-7.724567625278394],[111.45936445882171,-7.72417970006246],[111.45949819010033,-7.724032548691789],[111.45948927468167,-7.723724889127746],[111.45950264780967,-7.723720447559819],[111.45950264780967,-7.723702597637976],[111.4595561403219,-7.723568768101151],[111.45970333570634,-7.723399322551489],[111.45991284805451,-7.723229889190281],[111.45996643154363,-7.723122869792073],[111.4599842623822,-7.722922238154568],[111.45995751612435,-7.72288209297754],[111.45992176347372,-7.722850915382091],[111.45988610179693,-7.722819655076463],[111.45985044012033,-7.722788472714917],[111.45981923615346,-7.722748327060265],[111.45979248989624,-7.722708181910535],[111.45977465905818,-7.722663594853127],[111.45976128592964,-7.72261456540334],[111.45975237051064,-7.722578865214844],[111.45973899738216,-7.72254324248469],[111.45971670883475,-7.722516426628153],[111.45969442028742,-7.722489688719825],[111.45966321632126,-7.722467392707447],[111.4596319213816,-7.722449544358389],[111.45953830948444,-7.722413912507649],[111.45944023987927,-7.722378202154338],[111.45934207930188,-7.722351460269568],[111.45924400969956,-7.722329156481422],[111.45914594009868,-7.722311373500502],[111.45901657556239,-7.722293513659564],[111.45888730200224,-7.722280091897647],[111.45875793747092,-7.722271195691101],[111.45862420620696,-7.722271179973303],[111.45849493265436,-7.722275685597076],[111.45836111042199,-7.722280117465158],[111.45822737916595,-7.7222801015953095],[111.4580935569389,-7.722275647499985],[111.45795536797989,-7.722266745113117],[111.45777251096804,-7.722248878228715],[111.45758519625312,-7.7222266456745885],[111.45750049980046,-7.722217671570659],[111.45741580334887,-7.722217661276846],[111.45733556460624,-7.722217729451449],[111.45725077718309,-7.722226609779472],[111.4570368072102,-7.7222533972249074],[111.4568940695918,-7.722266713357233],[111.45680937314789,-7.722204345550156],[111.45673804982756,-7.722057173478065],[111.4567156703165,-7.721994740295027],[111.45666217782691,-7.721620201682512],[111.45661760075261,-7.721446298509661],[111.4565685659712,-7.7212678742719705],[111.4564749541168,-7.721085079621543],[111.45642137065555,-7.721125219332772],[111.4559933397964,-7.721183159448823],[111.45526646067498,-7.721374902901886],[111.45515947571968,-7.721406145192281],[111.45505249076612,-7.7214462734128695],[111.45495433025327,-7.721486407622175],[111.45485180300926,-7.721539943365331],[111.45475819117918,-7.721593402425671],[111.45466448837684,-7.721655830227677],[111.45459316507964,-7.721704927379785],[111.45451738407722,-7.721749503063666],[111.45444160307567,-7.721785192810541],[111.45436573110139,-7.72182080940387],[111.45434344257194,-7.721829770382859],[111.45432115404257,-7.721829767414968],[111.45429440780745,-7.721829763851529],[111.45427211927824,-7.72182531787877],[111.4542498307491,-7.7218208719036765],[111.45423199992587,-7.721807462570988],[111.45421416910267,-7.7217940532373035],[111.45419633827952,-7.7217762788497515],[111.45409372007377,-7.721655841219962],[111.45398673513756,-7.72153547621684],[111.45387529249756,-7.721415032692402],[111.45380833594085,-7.721321413867196],[111.45358990837417,-7.721160890826796],[111.45349174788323,-7.721138589086929],[111.45320636377663,-7.721602340530897],[111.45314395590546,-7.721731647185298],[111.45310829426505,-7.721883250953164],[111.45310383656,-7.722369335818068],[111.45312166738017,-7.722989110119667],[111.45313949820039,-7.723707029278811],[111.45313058279027,-7.7238675276921755],[111.4530637172148,-7.72418415446151],[111.4530503440998,-7.724304586819618],[111.4530146824599,-7.724393758336398],[111.45297902082021,-7.724643431576446],[111.4529388105022,-7.724919925459547],[111.45292989509237,-7.725227600349671],[111.45295227459054,-7.725267743512259],[111.4528719449287,-7.725709183112819],[111.45266243280287,-7.72557983551435],[111.45251523757477,-7.725544198780896],[111.45217190335362,-7.725553127770891],[111.4518820616008,-7.7256199818370375],[111.4517705280233,-7.725660119197336],[111.45162788149305,-7.7257136560795425],[111.45151643889348,-7.725726972841594],[111.45137815909915,-7.725727039092009],[111.45131575124557,-7.725731474979032],[111.45119975997413,-7.725780498584523],[111.45117301375184,-7.7257983467355045],[111.45111060590025,-7.725771601211979],[111.45094121316328,-7.72560218795095],[111.4509233823491,-7.725664548524451],[111.4508608835264,-7.72562892098941],[111.45087871434039,-7.72553530114244],[111.45079847567784,-7.725446112759088],[111.45065582916912,-7.725459425241978],[111.4507182370163,-7.7251874543803645],[111.44871163399013,-7.724661279155454],[111.44851094643022,-7.725669045886585],[111.448488657921,-7.725905401703689],[111.44852877723764,-7.725927701880839],[111.44849311562284,-7.726329010270335],[111.44842179239386,-7.726600988268626],[111.44833263835875,-7.726850669998495],[111.44831926525359,-7.727015701521959],[111.44831480755188,-7.727153917545821],[111.44783319383835,-7.727220833608291],[111.44774403981154,-7.727238674879165],[111.44767262561749,-7.727229705939264],[111.44767262561749,-7.727564141405977],[111.44761021780018,-7.727796057037768],[111.44755226768466,-7.728130488736826],[111.44747648676515,-7.728344474774219],[111.4474452828574,-7.728451507868267],[111.44738278406885,-7.728794834966152],[111.4473248339554,-7.7293120870435885],[111.44722230683296,-7.729882897303543],[111.44720001832829,-7.730199491807277],[111.44714652591742,-7.7304313412010375],[111.44702607702115,-7.730944161953389],[111.446968126911,-7.731354390751557],[111.44695475380873,-7.73156839544545],[111.44697704231251,-7.732099088752423],[111.44697704231251,-7.732344282430953],[111.44697704231251,-7.732504808770981],[111.44698595771406,-7.732638594837323],[111.44700824621796,-7.732870460732244],[111.44701270391876,-7.733030988727007],[111.44701270391876,-7.733169218965798],[111.44701270391876,-7.733236112214294],[111.44697704231251,-7.733481384922336],[111.44692354990354,-7.733641909400293],[111.44685213571881,-7.73373998770467],[111.44685213571881,-7.733757841661857],[111.44681201641285,-7.733851474119416],[111.44666045459259,-7.734150223967457],[111.44657130058238,-7.73435978796417],[111.44611197550299,-7.735318512904533],[111.44608077160198,-7.735398816573168],[111.44599607530012,-7.735849150068877],[111.44600499070027,-7.7358670053691005]]]},"id":"00050000000000000b9d","properties":{"FCODE":"BA03070040","KDBBPS":"","KDCBPS":"","KDCPUM":"35.20.17","KDEBPS":"","KDEPUM":"35.20.17.2002","KDPBPS":"","KDPKAB":"35.20","KDPPUM":"35","LUAS":2.09986192,"LUASWH":0.0,"METADATA":"TASWIL1000020221227_DATA_BATAS_DESAKELURAHAN","NAMOBJ":"Semen","OBJECTID":14713,"REMARK":"","SRS_ID":"SRGI 2013","TIPADM":1,"UUPP":"Hasil Delineasi Batas Desa 2019","WADMKC":"Nguntoronadi","WADMKD":"Semen","WADMKK":"Magetan","WADMPR":"Jawa Timur","WIADKC":"","WIADKD":"","WIADKK":"","WIADPR":""}},{"type":"Feature","geometry":{"type":"Polygon","coordinates":[[[111.45616282363807,-7.720670373736254],[111.45624306236655,-7.720706083391902],[111.45629655485276,-7.720741711496926],[111.45634558963215,-7.720795266397743],[111.45642582836284,-7.720920067449639],[111.45644820787294,-7.720969171213821],[111.4564749541168,-7.721085079621543],[111.4565685659712,-7.7212678742719705],[111.45661760075261,-7.721446298509661],[111.45666217782691,-7.721620201682512],[111.4567156703165,-7.721994740295027],[111.45673804982756,-7.722057173478065],[111.45680937314789,-7.722204345550156],[111.4568940695918,-7.722266713357233],[111.4570368072102,-7.7222533972249074],[111.45725077718309,-7.722226609779472],[111.45733556460624,-7.722217729451449],[111.45741580334887,-7.722217661276846],[111.45750049980046,-7.722217671570659],[111.45758519625312,-7.7222266456745885],[111.45777251096804,-7.722248878228715],[111.45795536797989,-7.722266745113117],[111.4580935569389,-7.722275647499985],[111.45822737916595,-7.7222801015953095],[111.45836111042199,-7.722280117465158],[111.45849493265436,-7.722275685597076],[111.45862420620696,-7.722271179973303],[111.45875793747092,-7.722271195691101],[111.45888730200224,-7.722280091897647],[111.45901657556239,-7.722293513659564],[111.45914594009868,-7.722311373500502],[111.45924400969956,-7.722329156481422],[111.45934207930188,-7.722351460269568],[111.45944023987927,-7.722378202154338],[111.45953830948444,-7.722413912507649],[111.4596319213816,-7.722449544358389],[111.45966321632126,-7.722467392707447],[111.45969442028742,-7.722489688719825],[111.45971670883475,-7.722516426628153],[111.45973899738216,-7.72254324248469],[111.45975237051064,-7.722578865214844],[111.45976128592964,-7.72261456540334],[111.45977465905818,-7.722663594853127],[111.45979248989624,-7.722708181910535],[111.45981923615346,-7.722748327060265],[111.45985044012033,-7.722788472714917],[111.45988610179693,-7.722819655076463],[111.45992176347372,-7.722850915382091],[111.45995751612435,-7.72288209297754],[111.4599842623822,-7.722922238154568],[111.45996643154363,-7.723122869792073],[111.45991284805451,-7.723229889190281],[111.45970333570634,-7.723399322551489],[111.4595561403219,-7.723568768101151],[111.45950264780967,-7.723702597637976],[111.45950264780967,-7.723720447559819],[111.45948927468167,-7.723724889127746],[111.45949819010033,-7.724032548691789],[111.4600511280273,-7.723435054708453],[111.46044349746546,-7.723002489898562],[111.46104992799334,-7.722025970695514],[111.46109896280736,-7.721945693355299],[111.46160732375705,-7.721134112410941],[111.46166081628581,-7.721053837107868],[111.46176789231826,-7.720951271694586],[111.46177235002908,-7.720942386715077],[111.46248130803336,-7.720269037842522],[111.4633240884377,-7.719733977975398],[111.46337312326793,-7.7197072500929025],[111.46410000325946,-7.719292523414906],[111.46522816846289,-7.7190561684950465],[111.46615564575798,-7.719221179629129],[111.46697613803475,-7.719506590590338],[111.46768063885249,-7.719591298287025],[111.46864377819011,-7.719524435956017],[111.46875085432926,-7.719519921860895],[111.46887121264221,-7.719484238671285],[111.46948655933197,-7.719297008020602],[111.46958472005213,-7.719270202817041],[111.46965604350487,-7.719221187510272],[111.4701197369387,-7.718913534878531],[111.47065038712223,-7.718610251261439],[111.47069050657021,-7.718587965659919],[111.470717252869,-7.718498809576761],[111.47072616830195,-7.718476520809689],[111.47079758273975,-7.718266954041537],[111.4707842095902,-7.7179369737649415],[111.47065484483866,-7.717615871846968],[111.4706280985401,-7.717540116171866],[111.47053448649592,-7.717281440367968],[111.4705389442123,-7.717031738776603],[111.47054785964502,-7.716617052507303],[111.47055677507777,-7.715578125767835],[111.47060580995804,-7.714820007901782],[111.47072616830195,-7.714284946559407],[111.47073508373491,-7.713843470118733],[111.47065930255508,-7.713482331267144],[111.47065484483866,-7.713451080722053],[111.47064147168935,-7.712924897386232],[111.47067713342085,-7.712639525377643],[111.47089119478731,-7.712354174742169],[111.47176518021072,-7.7118056680197276],[111.47185433455354,-7.711747702357446],[111.47191674259417,-7.71170757842484],[111.4720906845411,-7.711578316556849],[111.47214417714903,-7.711542633399548],[111.4727461509629,-7.711105617270466],[111.47285322716255,-7.711007518428168],[111.47285322716255,-7.711003076638104],[111.4728487694448,-7.710998634221059],[111.47227799964442,-7.710628491548613],[111.47180084194773,-7.710418888616442],[111.47138172557518,-7.710191521335715],[111.47094022966986,-7.709990805186862],[111.47027139026164,-7.709839224011929],[111.46890241664961,-7.709602915594815],[111.46844318100933,-7.71143562469159],[111.46840297060008,-7.711440065308254],[111.46839405517001,-7.7114356220232025],[111.46826478143517,-7.711422198670941],[111.46713661574586,-7.711275070034415],[111.4662269691764,-7.711168021873059],[111.465491264511,-7.711078839664362],[111.46457706946791,-7.710940617364344],[111.4638413649759,-7.710864833972732],[111.46289159943065,-7.710735478312377],[111.46182584255912,-7.71058833496615],[111.46086270416124,-7.710490218987024],[111.46011799367307,-7.710387697103026],[111.45914594009868,-7.710280688555864],[111.45843243375964,-7.710191493452768],[111.45816488027371,-7.711493545726004],[111.4579821142298,-7.712193670434552],[111.45790633318865,-7.712434396503314],[111.45787503825716,-7.712898186348175],[111.45781708805006,-7.71367402578321],[111.45777696867623,-7.714530231005441],[111.45776359555167,-7.714793267252334],[111.45769227222114,-7.715087626192692],[111.45769227222114,-7.715096511109101],[111.45772793388629,-7.715118807122715],[111.45793307943836,-7.715127720431797],[111.4581425917315,-7.715083173819573],[111.45838339896493,-7.715069724532288],[111.45861083308073,-7.715069756148406],[111.45899428701736,-7.71515445228],[111.45938674736796,-7.715319497713022],[111.45942240904212,-7.715471091587217],[111.45941349362357,-7.7157475352136125],[111.45939566278649,-7.71595710774017],[111.459351085694,-7.716081957968317],[111.45917268635331,-7.716296032694199],[111.45890067512903,-7.716590293675293],[111.45886501345763,-7.716608136384234],[111.45880260553314,-7.716527849738098],[111.4586910718386,-7.716487777002932],[111.45865541016832,-7.716394088901661],[111.45845472230282,-7.7161890057958775],[111.45835665271342,-7.716113156247701],[111.45815150714839,-7.716050778230468],[111.45799994506312,-7.716037349172519],[111.45758519625312,-7.715974942621957],[111.45750495750846,-7.715974929978025],[111.45748266896845,-7.71628263037328],[111.45749158438443,-7.716617070431536],[111.45750049980045,-7.716697349804032],[111.4575183306325,-7.716844503132664],[111.45748712667644,-7.717321571044943],[111.45739351480914,-7.71797259839741],[111.45732664919043,-7.718530028165461],[111.45736231085367,-7.718873369069444],[111.45731327606677,-7.719181079915231],[111.45710367282598,-7.719675995118271],[111.45691635812985,-7.720273492824419],[111.45680045773281,-7.720367166465535],[111.45635450504662,-7.720572266662146],[111.4560780362299,-7.720625782457934],[111.45616282363807,-7.720670373736254]]]},"id":"00050000000000000851","properties":{"FCODE":"BA03070040","KDBBPS":"","KDCBPS":"","KDCPUM":"35.20.17","KDEBPS":"","KDEPUM":"35.20.17.2003","KDPBPS":"","KDPKAB":"35.20","KDPPUM":"35","LUAS":1.58496199,"LUASWH":0.0,"METADATA":"TASWIL1000020221227_DATA_BATAS_DESAKELURAHAN","NAMOBJ":"Goranggareng","OBJECTID":10762,"REMARK":"","SRS_ID":"SRGI 2013","TIPADM":1,"UUPP":"Hasil Delineasi Batas Desa 2019","WADMKC":"Nguntoronadi","WADMKD":"Goranggareng","WADMKK":"Magetan","WADMPR":"Jawa Timur","WIADKC":"","WIADKD":"","WIADKK":"","WIADPR":""}},{"type":"Feature","geometry":{"type":"Polygon","coordinates":[[[111.44689234599852,-7.7079574618853615],[111.44739169947096,-7.708220602643008],[111.44782873613698,-7.708398930389214],[111.4481586970204,-7.708514889906365],[111.44841733469207,-7.708595138684266],[111.44903267951507,-7.708719963403528],[111.44946070991567,-7.708822538105386],[111.44945625221315,-7.7088849624039835],[111.44946525859172,-7.708934058225987],[111.44950092021196,-7.708974124395265],[111.44958561656084,-7.708987547915255],[111.44959453196606,-7.7090276860692954],[111.44954103953498,-7.7090499634354614],[111.44954995494012,-7.709134680149595],[111.44956332804786,-7.709134683108436],[111.44964802439758,-7.709165875621255],[111.44969260142419,-7.70919713718796],[111.44972826304571,-7.709223876582306],[111.44975955793824,-7.709277419725526],[111.44977738874915,-7.709335329045904],[111.44979967726289,-7.7093844327619925],[111.449835338885,-7.7094200567208215],[111.44987991591292,-7.7094334712358075],[111.4499200352383,-7.709442364555265],[111.44995569686111,-7.709442372341056],[111.45008951892186,-7.709451281298447],[111.45019204609062,-7.709500324481146],[111.45030348866723,-7.709580621340279],[111.45040164910976,-7.709656390306423],[111.4504863454706,-7.709709949714525],[111.45057995723911,-7.709763433070085],[111.45065582916912,-7.709799060750919],[111.45075835634694,-7.709852623868545],[111.45063354065242,-7.709981891244025],[111.4504685146577,-7.7105170431739944],[111.45044622614165,-7.710619601974363],[111.45043731073525,-7.710673064116876],[111.45040610681295,-7.710744446920643],[111.45039273370344,-7.710802428543444],[111.45038827600027,-7.7108603341507855],[111.4503749028908,-7.7110074750000335],[111.4503392412657,-7.711069972568937],[111.45032131947967,-7.711136843114612],[111.45021879230883,-7.711270639055133],[111.45019650379365,-7.711315214268908],[111.45018758838759,-7.712264956980801],[111.45017867298156,-7.712443355322868],[111.45008951892186,-7.712786655999553],[111.45008951892186,-7.712844642326164],[111.45009843432776,-7.7129160359264],[111.45009843432776,-7.712969501914192],[111.4501073497337,-7.713036375185314],[111.45010289203073,-7.7130899183306525],[111.45005831500124,-7.713188034774272],[111.45002702010727,-7.7132460201065225],[111.45002256240437,-7.713308448523112],[111.45001810470146,-7.713370877002166],[111.45000918929566,-7.713602745104747],[111.44999135848408,-7.713812321534433],[111.44998690078121,-7.713937180416057],[111.45000027388987,-7.714048637251624],[111.45000918929566,-7.714088778126101],[111.45001810470146,-7.714128919020682],[111.45002702010727,-7.7145212728410835],[111.45008060351596,-7.714583708647333],[111.45012518054558,-7.7146148933092],[111.45013855365455,-7.7146639984921705],[111.45012072284261,-7.714784335837778],[111.45011180743666,-7.714824473766635],[111.45005831500124,-7.71486460341565],[111.44999135848408,-7.7148824442078165],[111.44991111983265,-7.714927089519785],[111.44982196577668,-7.715042971597779],[111.44979967726289,-7.7151143617942965],[111.44985762739891,-7.715390831428231],[111.44987545821012,-7.715471036829378],[111.44987545821012,-7.715497848833321],[111.44991111983265,-7.715533474813671],[111.44991111983265,-7.715587020930319],[111.44990666212982,-7.715667300403691],[111.44988437361573,-7.7157609048514875],[111.44983088118221,-7.715818884161668],[111.44982196577668,-7.715863465549173],[111.44982642347945,-7.715872429727649],[111.44983979658777,-7.715925900624173],[111.44983088118221,-7.716006179747868],[111.44981305037115,-7.716113191694282],[111.44982196577666,-7.716184510853884],[111.44986208510171,-7.716287090735702],[111.44987100050731,-7.716389665167553],[111.44984871199334,-7.716452093534507],[111.44981305037115,-7.7165278478758275],[111.44979076185739,-7.7165725053570355],[111.44977293104641,-7.716634934734139],[111.44983088118221,-7.7167597322579935],[111.44987545821012,-7.716911340161415],[111.44992003523832,-7.717000515437513],[111.44993786604968,-7.717076357753674],[111.44994232375252,-7.717152119876872],[111.44992003523832,-7.717205663441066],[111.44987100050731,-7.717223504100794],[111.44980859266839,-7.717299332800186],[111.44982196577668,-7.717388503164709],[111.44983088118222,-7.7174464172306],[111.44985316969613,-7.717522260823887],[111.45001810470146,-7.717696182879064],[111.45011626513964,-7.7177586282719846],[111.45026336933941,-7.717870035796726],[111.45031240407343,-7.717910185479329],[111.45034815667195,-7.717972620311624],[111.4503392412657,-7.718066308307118],[111.45027674244866,-7.7180974805438725],[111.45020096149668,-7.718101910734714],[111.45016084216952,-7.718151009294927],[111.45015638446651,-7.7182223281772515],[111.45016084216952,-7.7182981694368324],[111.45022325001187,-7.718512217255846],[111.45027674244866,-7.718703893784282],[111.45031686177654,-7.718824326229268],[111.45036152978136,-7.718935791036714],[111.45039273370344,-7.719033929831376],[111.45038381829711,-7.719060663825467],[111.45039719140661,-7.719114136870764],[111.45041056451613,-7.719185537531939],[111.45043285303205,-7.7192925610567755],[111.45045514154806,-7.719381735037809],[111.45045959925127,-7.719475349231025],[111.45047297236091,-7.719604664440276],[111.45042839532887,-7.719640356918408],[111.45041502221932,-7.7196893832109446],[111.45043285303205,-7.7197696710660075],[111.45048188776737,-7.719840999998936],[111.45055766872268,-7.719903447188604],[111.4506424560591,-7.7199480411666475],[111.4507137793129,-7.719965824093559],[111.45074944094011,-7.719974793494375],[111.4507672717538,-7.719983682186482],[111.45085196811942,-7.72000598804481],[111.45091892464558,-7.720010436554909],[111.45101699412399,-7.720006008676356],[111.45111060590025,-7.720014908971616],[111.45118192915926,-7.720041655608188],[111.45121322405888,-7.7200862411307805],[111.45126671650391,-7.7201665344366495],[111.45132020894938,-7.7202244570365846],[111.45137815909915,-7.72027801529109],[111.45143165154556,-7.720304759139919],[111.45152089659743,-7.720331503577307],[111.45154764282117,-7.720335950567012],[111.45165462771723,-7.72036270238038],[111.45173486639044,-7.720371600320111],[111.45184639996734,-7.720425161647395],[111.4520559120668,-7.720518806851287],[111.4522387689199,-7.720527714950379],[111.45236813332357,-7.720527729169461],[111.4524751182332,-7.72053218779788],[111.45254644150727,-7.720607962403687],[111.45259101855396,-7.72069269702354],[111.45264451101039,-7.720790761909078],[111.45269809444083,-7.720884457080292],[111.45271592525988,-7.720933488310821],[111.45278279083178,-7.721000376450373],[111.45286302951895,-7.721036009698263],[111.4529879362301,-7.72105387253582],[111.45309046344491,-7.721062773008102],[111.45324211639117,-7.721102932330717],[111.45337138984122,-7.721120722394006],[111.4534204245988,-7.721120729263048],[111.45349174788323,-7.721138589086929],[111.45358990837417,-7.721160890826796],[111.45380833594085,-7.721321413867196],[111.45387529249756,-7.721415032692402],[111.45398673513756,-7.72153547621684],[111.45409372007377,-7.721655841219962],[111.45419633827952,-7.7217762788497515],[111.45421416910267,-7.7217940532373035],[111.45423199992587,-7.721807462570988],[111.4542498307491,-7.7218208719036765],[111.45427211927824,-7.72182531787877],[111.45429440780745,-7.721829763851529],[111.45432115404257,-7.721829767414968],[111.45434344257194,-7.721829770382859],[111.45436573110139,-7.72182080940387],[111.45444160307567,-7.721785192810541],[111.45451738407722,-7.721749503063666],[111.45459316507964,-7.721704927379785],[111.45466448837684,-7.721655830227677],[111.45475819117918,-7.721593402425671],[111.45485180300926,-7.721539943365331],[111.45495433025327,-7.721486407622175],[111.45505249076612,-7.7214462734128695],[111.45515947571968,-7.721406145192281],[111.45526646067498,-7.721374902901886],[111.4559933397964,-7.721183159448823],[111.45642137065555,-7.721125219332772],[111.4564749541168,-7.721085079621543],[111.45644820787294,-7.720969171213821],[111.45642582836284,-7.720920067449639],[111.45634558963215,-7.720795266397743],[111.45629655485276,-7.720741711496926],[111.45624306236655,-7.720706083391902],[111.45616282363807,-7.720670373736254],[111.4560780362299,-7.720625782457934],[111.45598442438242,-7.720558892869686],[111.45592647419178,-7.720505414660322],[111.45577036347669,-7.720376087274533],[111.45574807494249,-7.720318093153634],[111.45572132870154,-7.720215591939087],[111.45569458246072,-7.720126341453957],[111.45568120934034,-7.720050577349774],[111.45568120934036,-7.719988143713213],[111.45568566704713,-7.719867720076923],[111.45568120934036,-7.719738409759585],[111.45556076028458,-7.719702776941132],[111.45550726780434,-7.71968492010268],[111.45550281009767,-7.719631449701456],[111.4555161832177,-7.719591310339724],[111.45553401404442,-7.719354986570126],[111.45542702908479,-7.718962524571455],[111.45544040220463,-7.718819890132472],[111.45543594449802,-7.718726201690153],[111.45541811367154,-7.718641474846848],[111.45538690972535,-7.718552303349753],[111.45533787495307,-7.718458686522472],[111.45526200296847,-7.718338258168432],[111.45520405278417,-7.718244640148848],[111.45518176425188,-7.718151027611911],[111.45518176425189,-7.71805289791745],[111.45519513737125,-7.718003874140273],[111.45526200296847,-7.717932489137088],[111.45536016348588,-7.717838890751932],[111.4553735366056,-7.717780903852365],[111.45541365596495,-7.717678338309669],[111.45541811367154,-7.717540070104975],[111.45544931761789,-7.717268058679364],[111.45550281009767,-7.717187865349911],[111.45559205520522,-7.7171298862441],[111.45566337851322,-7.717062945958069],[111.45571687099473,-7.716955941309629],[111.45573470182201,-7.716853373891307],[111.45572578640837,-7.716808790336684],[111.45566337851322,-7.716759755703095],[111.45567675163356,-7.71669288469167],[111.45576590576984,-7.716706226704884],[111.45591310107093,-7.7167062452536],[111.45610924017934,-7.71668842785688],[111.45624306236655,-7.716688444165826],[111.4563723358756,-7.71668394393879],[111.45647941182413,-7.7166572224396885],[111.45654627743433,-7.716630421481223],[111.456880696469,-7.716630468964663],[111.45703234950251,-7.716634930358633],[111.45731773377467,-7.7166705883047655],[111.45750049980045,-7.716697349804032],[111.45749158438443,-7.716617070431536],[111.45748266896845,-7.71628263037328],[111.45750495750846,-7.715974929978025],[111.45759411166925,-7.715390794158245],[111.45766998368049,-7.715216921624803],[111.45769227222114,-7.715087626192692],[111.45776359555167,-7.714793267252334],[111.45777696867623,-7.714530231005441],[111.45781708805006,-7.71367402578321],[111.45787503825716,-7.712898186348175],[111.45790633318865,-7.712434396503314],[111.4579821142298,-7.712193670434552],[111.45816488027371,-7.711493545726004],[111.45843243375964,-7.710191493452768],[111.45673359212006,-7.709977424200675],[111.45565446309968,-7.709839212533061],[111.45566783622,-7.709781233399042],[111.45573024411519,-7.7096207051623935],[111.45580156742469,-7.7094378906515555],[111.455908643364,-7.70909898211026],[111.4559621358475,-7.708920685810371],[111.4559933397964,-7.708809172534995],[111.45579265201096,-7.708612983601777],[111.45564108997938,-7.708541645473754],[111.45534679036619,-7.70842570581052],[111.45525308755546,-7.70840340279272],[111.45520405278417,-7.708363258083254],[111.45513272948112,-7.708323108704185],[111.45506586388522,-7.70827407610489],[111.45501237140897,-7.708216084245223],[111.45495878795957,-7.708149213024394],[111.45488746465918,-7.708086775356981],[111.45493649942813,-7.707409024992592],[111.45477156429769,-7.707565083589072],[111.45450401095923,-7.707738971634838],[111.45431669633672,-7.707823724790759],[111.45415621892761,-7.707921805319014],[111.45387529249756,-7.708002096705521],[111.45364785854422,-7.708082321797428],[111.45317070213588,-7.707939691603408],[111.45286748722383,-7.707788053593454],[111.45275604460294,-7.707694433555923],[111.45262668019153,-7.707529429293625],[111.45256873003056,-7.70740012869392],[111.4525642723259,-7.707382281490849],[111.45248403364242,-7.707279706408206],[111.45231900760035,-7.707186079184782],[111.45216298794483,-7.7071681979549975],[111.4520068773195,-7.70697201543546],[111.45177944343155,-7.706744644530334],[111.45143610924944,-7.7065974374866935],[111.451329124357,-7.706588528726093],[111.45115072523335,-7.7065261477172395],[111.45104374034564,-7.706454738416747],[111.45097687479173,-7.706338840074325],[111.45081184878819,-7.706200635498096],[111.45061561886558,-7.706111441722159],[111.45041502221932,-7.706057934079612],[111.45022770771493,-7.706075740580336],[111.44992003523832,-7.706147056838962],[111.44971934764033,-7.70622291859207],[111.44943396370064,-7.706325490733857],[111.44905942572841,-7.706387907172248],[111.44878741492441,-7.706423539575168],[111.44852431953578,-7.706316559020871],[111.44829242806985,-7.706352200627478],[111.44808291609361,-7.706454786360016],[111.44805616988438,-7.706468184210309],[111.44778861682478,-7.706526105858024],[111.44727134154348,-7.706628704996183],[111.44683876261679,-7.707912875585563],[111.44689234599852,-7.7079574618853615]]]},"id":"000500000000000014dc","properties":{"FCODE":"BA03070040","KDBBPS":"","KDCBPS":"","KDCPUM":"35.20.17","KDEBPS":"","KDEPUM":"35.20.17.2004","KDPBPS":"","KDPKAB":"35.20","KDPPUM":"35","LUAS":1.17578134,"LUASWH":0.0,"METADATA":"TASWIL1000020221227_DATA_BATAS_DESAKELURAHAN","NAMOBJ":"Petungrejo","OBJECTID":13916,"REMARK":"","SRS_ID":"SRGI 2013","TIPADM":1,"UUPP":"Hasil Delineasi Batas Desa 2019","WADMKC":"Nguntoronadi","WADMKD":"Petungrejo","WADMKK":"Magetan","WADMPR":"Jawa Timur","WIADKC":"","WIADKD":"","WIADKK":"","WIADPR":""}},{"type":"Feature","geometry":{"type":"Polygon","coordinates":[[[111.43369338133394,-7.706378994954798],[111.43372458517099,-7.706570732563176],[111.4337468736261,-7.706704481672223],[111.43376024669922,-7.706758029403725],[111.43380482360985,-7.706945251263812],[111.43385385821192,-7.707128110205314],[111.43388515302311,-7.707248452438994],[111.43391189917001,-7.707368876291753],[111.43392972993469,-7.7074892978512315],[111.43392972993469,-7.707502625527047],[111.43394310300822,-7.707609640431803],[111.43395201839061,-7.707734502496722],[111.43395647608178,-7.707854920976091],[111.43395647608178,-7.707890617523309],[111.43395647608178,-7.707979781036006],[111.4339520183906,-7.708162627748061],[111.43395647608178,-7.708349920023357],[111.43396539146418,-7.70853713609151],[111.43398322222902,-7.708719990383554],[111.43400551068514,-7.708907288997103],[111.4340144260676,-7.708951873811967],[111.43403671452384,-7.709090069877874],[111.43405008759763,-7.709134655991434],[111.43406791836271,-7.709174800650799],[111.43409020681915,-7.709214946515887],[111.43411695296699,-7.709250650910152],[111.43414815680629,-7.709281835882935],[111.4341839093104,-7.709308574620538],[111.43422402853285,-7.709330876612202],[111.43426860544702,-7.709348737105488],[111.43430872467003,-7.709362075788065],[111.43435775927632,-7.7093665314792625],[111.4344470040803,-7.709375513664236],[111.43453615791232,-7.709388865294327],[111.43458519252052,-7.709397763610573],[111.4346253117457,-7.70940665955919],[111.43471446558044,-7.709428974397091],[111.43479925269799,-7.709460168610158],[111.43488394884345,-7.709495888144366],[111.43496418729816,-7.709531528529243],[111.4350445167273,-7.709576127414737],[111.43507572057153,-7.709598426885406],[111.43509800903179,-7.7096207240197625],[111.43512475518422,-7.709651985608041],[111.43514258595258,-7.709678724254211],[111.43515595902886,-7.709714347094477],[111.43520499364222,-7.70985707125452],[111.4353700192271,-7.710329749954622],[111.43537447691935,-7.710347599895319],[111.43559299481792,-7.710985221854421],[111.4356108255877,-7.711047658725827],[111.43562419866505,-7.7111100945217474],[111.43563311404998,-7.711172529247571],[111.43563757174245,-7.7112349629085015],[111.43564202943492,-7.711301839396949],[111.43565540251235,-7.7113687181776625],[111.4356776909748,-7.7114311564595495],[111.43569997943735,-7.711493594783079],[111.43573564097757,-7.711555958528592],[111.43577576021059,-7.711618401353063],[111.43581587944388,-7.711676401410287],[111.43586491406272,-7.711734325746276],[111.43591849734796,-7.7117878815891405],[111.43597198966036,-7.711841364239514],[111.43603439735878,-7.711894849081985],[111.43609234736505,-7.711957296376564],[111.43614583967903,-7.712019742587976],[111.43619942296681,-7.712082184061443],[111.43652492553016,-7.71253254196567],[111.43654721399588,-7.7125592822639915],[111.43662299477998,-7.712666318224756],[111.43698861660778,-7.712795632687195],[111.43943670959199,-7.713540292397452],[111.43940550572492,-7.713928215329234],[111.4392939723705,-7.714583714345242],[111.43959272892971,-7.714668424083896],[111.43931180315134,-7.715207987475026],[111.4389060619272,-7.7157073872725315],[111.43942779420138,-7.716122090170611],[111.43964185455293,-7.716291510113985],[111.44003868043505,-7.717071923089069],[111.44023045232875,-7.717428648893823],[111.44042213325511,-7.717669392646856],[111.44057824359166,-7.717789771767781],[111.44075209374388,-7.717820985618448],[111.44113117988586,-7.71754901052201],[111.44147005580672,-7.717308213255889],[111.44170194701817,-7.717201232151152],[111.44196058442132,-7.717161057564904],[111.44217009619139,-7.717187834792116],[111.44237078354713,-7.717308220135922],[111.44250897216988,-7.717491033931662],[111.44256701321183,-7.718101918285219],[111.44259821709511,-7.718133181479057],[111.44262942097855,-7.718195624013773],[111.44262050558326,-7.718275831250619],[111.44250897216988,-7.718262485741201],[111.44242873361436,-7.718195590729378],[111.44237524124458,-7.718168844240476],[111.44219684237532,-7.718150964813385],[111.44210323073209,-7.718173318170061],[111.4420363652735,-7.718333801776355],[111.44197395751283,-7.71852998739152],[111.4419292895679,-7.718735146008493],[111.44193829593557,-7.718873347224397],[111.44197841521,-7.718989265702942],[111.44231729117786,-7.719105234952588],[111.44273194802527,-7.719140929512225],[111.44282119295374,-7.719519932194387],[111.44284348144271,-7.719568966697911],[111.44251797853842,-7.721976911468051],[111.44413657783454,-7.7224139225558694],[111.44487682878932,-7.722614519833523],[111.44615655250466,-7.7229668092686605],[111.4470706540293,-7.723216534578455],[111.44830589214845,-7.723546504493866],[111.44892569466279,-7.7237159715124974],[111.45005385729831,-7.724010218484025],[111.45094121316328,-7.724246592669508],[111.45095012857037,-7.724210891921732],[111.45103036723481,-7.723849753112505],[111.4530637172148,-7.72418415446151],[111.45313058279027,-7.7238675276921755],[111.45313949820039,-7.723707029278811],[111.45312166738017,-7.722989110119667],[111.45310383656,-7.722369335818068],[111.45310829426505,-7.721883250953164],[111.45314395590546,-7.721731647185298],[111.45320636377663,-7.721602340530897],[111.45349174788323,-7.721138589086929],[111.4534204245988,-7.721120729263048],[111.45337138984122,-7.721120722394006],[111.45324211639117,-7.721102932330717],[111.45309046344491,-7.721062773008102],[111.4529879362301,-7.72105387253582],[111.45286302951895,-7.721036009698263],[111.45278279083178,-7.721000376450373],[111.45271592525988,-7.720933488310821],[111.45269809444083,-7.720884457080292],[111.45264451101039,-7.720790761909078],[111.45259101855396,-7.72069269702354],[111.45254644150727,-7.720607962403687],[111.4524751182332,-7.72053218779788],[111.45236813332357,-7.720527729169461],[111.4522387689199,-7.720527714950379],[111.4520559120668,-7.720518806851287],[111.45184639996734,-7.720425161647395],[111.45173486639044,-7.720371600320111],[111.45165462771723,-7.72036270238038],[111.45154764282117,-7.720335950567012],[111.45152089659743,-7.720331503577307],[111.45143165154556,-7.720304759139919],[111.45137815909915,-7.72027801529109],[111.45132020894938,-7.7202244570365846],[111.45126671650391,-7.7201665344366495],[111.45121322405888,-7.7200862411307805],[111.45118192915926,-7.720041655608188],[111.45111060590025,-7.720014908971616],[111.45101699412399,-7.720006008676356],[111.45091892464558,-7.720010436554909],[111.45085196811942,-7.72000598804481],[111.4507672717538,-7.719983682186482],[111.45074944094011,-7.719974793494375],[111.4507137793129,-7.719965824093559],[111.4506424560591,-7.7199480411666475],[111.45055766872268,-7.719903447188604],[111.45048188776737,-7.719840999998936],[111.45043285303205,-7.7197696710660075],[111.45041502221932,-7.7196893832109446],[111.45042839532887,-7.719640356918408],[111.45047297236091,-7.719604664440276],[111.45045959925127,-7.719475349231025],[111.45045514154806,-7.719381735037809],[111.45043285303205,-7.7192925610567755],[111.45041056451613,-7.719185537531939],[111.45039719140661,-7.719114136870764],[111.45038381829711,-7.719060663825467],[111.45039273370344,-7.719033929831376],[111.45036152978136,-7.718935791036714],[111.45031686177654,-7.718824326229268],[111.45027674244866,-7.718703893784282],[111.45022325001187,-7.718512217255846],[111.45016084216952,-7.7182981694368324],[111.45015638446651,-7.7182223281772515],[111.45016084216952,-7.718151009294927],[111.45020096149668,-7.718101910734714],[111.45027674244866,-7.7180974805438725],[111.4503392412657,-7.718066308307118],[111.45034815667195,-7.717972620311624],[111.45031240407343,-7.717910185479329],[111.45026336933941,-7.717870035796726],[111.45011626513964,-7.7177586282719846],[111.45001810470146,-7.717696182879064],[111.44985316969613,-7.717522260823887],[111.44983088118222,-7.7174464172306],[111.44982196577668,-7.717388503164709],[111.44980859266839,-7.717299332800186],[111.44987100050731,-7.717223504100794],[111.44992003523832,-7.717205663441066],[111.44994232375252,-7.717152119876872],[111.44993786604968,-7.717076357753674],[111.44992003523832,-7.717000515437513],[111.44987545821012,-7.716911340161415],[111.44983088118221,-7.7167597322579935],[111.44977293104641,-7.716634934734139],[111.44979076185739,-7.7165725053570355],[111.44981305037115,-7.7165278478758275],[111.44984871199334,-7.716452093534507],[111.44987100050731,-7.716389665167553],[111.44986208510171,-7.716287090735702],[111.44982196577666,-7.716184510853884],[111.44981305037115,-7.716113191694282],[111.44983088118221,-7.716006179747868],[111.44983979658777,-7.715925900624173],[111.44982642347945,-7.715872429727649],[111.44982196577668,-7.715863465549173],[111.44983088118221,-7.715818884161668],[111.44988437361573,-7.7157609048514875],[111.44990666212982,-7.715667300403691],[111.44991111983265,-7.715587020930319],[111.44991111983265,-7.715533474813671],[111.44987545821012,-7.715497848833321],[111.44987545821012,-7.715471036829378],[111.44985762739891,-7.715390831428231],[111.44979967726289,-7.7151143617942965],[111.44982196577668,-7.715042971597779],[111.44991111983265,-7.714927089519785],[111.44999135848408,-7.7148824442078165],[111.45005831500124,-7.71486460341565],[111.45011180743666,-7.714824473766635],[111.45012072284261,-7.714784335837778],[111.45013855365455,-7.7146639984921705],[111.45012518054558,-7.7146148933092],[111.45008060351596,-7.714583708647333],[111.45002702010727,-7.7145212728410835],[111.45001810470146,-7.714128919020682],[111.45000918929566,-7.714088778126101],[111.45000027388987,-7.714048637251624],[111.44998690078121,-7.713937180416057],[111.44999135848408,-7.713812321534433],[111.45000918929566,-7.713602745104747],[111.45001810470146,-7.713370877002166],[111.45002256240437,-7.713308448523112],[111.45002702010727,-7.7132460201065225],[111.45005831500124,-7.713188034774272],[111.45010289203073,-7.7130899183306525],[111.4501073497337,-7.713036375185314],[111.45009843432776,-7.712969501914192],[111.45009843432776,-7.7129160359264],[111.45008951892186,-7.712844642326164],[111.45008951892186,-7.712786655999553],[111.45017867298156,-7.712443355322868],[111.45018758838759,-7.712264956980801],[111.45019650379365,-7.711315214268908],[111.45021879230883,-7.711270639055133],[111.45032131947967,-7.711136843114612],[111.4503392412657,-7.711069972568937],[111.4503749028908,-7.7110074750000335],[111.45038827600027,-7.7108603341507855],[111.45039273370344,-7.710802428543444],[111.45040610681295,-7.710744446920643],[111.45043731073525,-7.710673064116876],[111.45044622614165,-7.710619601974363],[111.4504685146577,-7.7105170431739944],[111.45063354065242,-7.709981891244025],[111.45075835634694,-7.709852623868545],[111.45065582916912,-7.709799060750919],[111.45057995723911,-7.709763433070085],[111.4504863454706,-7.709709949714525],[111.45040164910976,-7.709656390306423],[111.45030348866723,-7.709580621340279],[111.45019204609062,-7.709500324481146],[111.45008951892186,-7.709451281298447],[111.44995569686111,-7.709442372341056],[111.4499200352383,-7.709442364555265],[111.44987991591292,-7.7094334712358075],[111.449835338885,-7.7094200567208215],[111.44979967726289,-7.7093844327619925],[111.44977738874915,-7.709335329045904],[111.44975955793824,-7.709277419725526],[111.44972826304571,-7.709223876582306],[111.44969260142419,-7.70919713718796],[111.44964802439758,-7.709165875621255],[111.44956332804786,-7.709134683108436],[111.44954995494012,-7.709134680149595],[111.44954103953498,-7.7090499634354614],[111.44959453196606,-7.7090276860692954],[111.44958561656084,-7.708987547915255],[111.44950092021196,-7.708974124395265],[111.44946525859172,-7.708934058225987],[111.44945625221315,-7.7088849624039835],[111.44946070991567,-7.708822538105386],[111.44903267951507,-7.708719963403528],[111.44841733469207,-7.708595138684266],[111.4481586970204,-7.708514889906365],[111.44782873613698,-7.708398930389214],[111.44739169947096,-7.708220602643008],[111.44689234599852,-7.7079574618853615],[111.44683876261679,-7.707912875585563],[111.44727134154348,-7.706628704996183],[111.44778861682478,-7.706526105858024],[111.44805616988438,-7.706468184210309],[111.44808291609361,-7.706454786360016],[111.4481453239156,-7.705852779861779],[111.44823447794808,-7.704653295657881],[111.44759684469656,-7.704599762314876],[111.4471509836183,-7.70455515564726],[111.44703053472195,-7.7045373615912975],[111.44691017680138,-7.7044883127159185],[111.44680310101155,-7.704439271947253],[111.4466872007959,-7.704448204142406],[111.44647759789956,-7.70446600101165],[111.44623233340822,-7.704483866521467],[111.4459781535264,-7.70447936351694],[111.44604956770117,-7.704158304131413],[111.44608077160198,-7.7040780442475],[111.44614763710429,-7.70381941241858],[111.44611643320313,-7.703810520241116],[111.44611643320313,-7.703779348355863],[111.44600944840033,-7.703774878242347],[111.44603173690076,-7.703592061216914],[111.44608968700226,-7.7031283197855345],[111.44603173690076,-7.703123784455597],[111.44622787570799,-7.702218621239265],[111.44613872170395,-7.702191867789607],[111.44613872170395,-7.702156176866416],[111.4457998455267,-7.7017772048647055],[111.44575526852755,-7.701665678458841],[111.44571069152875,-7.701647898713266],[111.44565265045729,-7.701576506007094],[111.4455857849603,-7.7015274712216],[111.44549663096541,-7.701505159278896],[111.44533160510478,-7.7015185216819],[111.44522016261591,-7.701563143091566],[111.44511754455446,-7.701616655522726],[111.44497935587333,-7.701607733296673],[111.44491249038356,-7.7016032727789865],[111.44485899799226,-7.701679081534094],[111.44472963374174,-7.701710299303269],[111.44461819126367,-7.7017192299219905],[111.44445762312532,-7.701688018644098],[111.44423464720752,-7.701661231636204],[111.44421235871351,-7.701683512805817],[111.44420344331594,-7.7017504505550365],[111.44418115482208,-7.701808422889545],[111.44413212013582,-7.701884233397242],[111.44406971235385,-7.701946636598548],[111.4440028468739,-7.701986751085828],[111.44388239803835,-7.702000125899001],[111.44380661716342,-7.702022392287892],[111.44377095557554,-7.702102726819547],[111.44370854779724,-7.702133880901785],[111.443632675951,-7.702116096684376],[111.44361484515754,-7.70213837935192],[111.44360592976082,-7.702174068297538],[111.44356135277744,-7.702232034998198],[111.44352569119098,-7.702267638613861],[111.44347665650993,-7.702294432534995],[111.44335174998648,-7.702316690161662],[111.44325813832565,-7.702316741919976],[111.44316006896817,-7.70238357784729],[111.44310211889405,-7.702441541141217],[111.4430396201491,-7.702463894212074],[111.442986127774,-7.7024638792563005],[111.44293263539937,-7.70241484660657],[111.4429014315144,-7.70235241633859],[111.44287022762958,-7.702240890601627],[111.44278098270038,-7.7021829687511225],[111.44272303262983,-7.702165106593216],[111.44262496328092,-7.702174040781896],[111.44259375939748,-7.702182915918146],[111.44255809781664,-7.702174021890364],[111.44251797853842,-7.702160684619455],[111.44246885289199,-7.70213838768058],[111.44243319131185,-7.702124973724419],[111.44235295275732,-7.702120509006337],[111.44226825650645,-7.702111601020588],[111.44216563849407,-7.702084846831759],[111.44212106152115,-7.702053662364126],[111.44207648454856,-7.702049207692855],[111.44195612672418,-7.702067019257968],[111.44191145877936,-7.702067011293517],[111.44185350871703,-7.7020402649164605],[111.4417732701701,-7.70204024199763],[111.44171086241212,-7.702058070045694],[111.44166628544252,-7.702071461205409],[111.44155920974337,-7.702044705454292],[111.44139873265831,-7.702191868968873],[111.44117129915497,-7.702548573365008],[111.4408591694288,-7.703208564797029],[111.4406183628571,-7.7039889124106695],[111.44065848212283,-7.704911961581501],[111.44060944746475,-7.705188379046079],[111.44047116791167,-7.7061292493269065],[111.44045779482347,-7.706209518917616],[111.44043104864718,-7.706410195143542],[111.44084133864342,-7.707261897334806],[111.44097952723155,-7.708140279307184],[111.44104193498205,-7.708951859802119],[111.44106868116104,-7.7095181672290884],[111.44097061183867,-7.7100711215939475],[111.44075209374387,-7.710579475421975],[111.44073872065508,-7.7105927999979285],[111.4404667102156,-7.710624071627364],[111.43921373385744,-7.7102985411706255],[111.43918698768665,-7.7102316616328075],[111.43923156463804,-7.709558270402837],[111.43923602233319,-7.709544943834128],[111.43922710694288,-7.709540499047258],[111.43928505698013,-7.708974128714209],[111.43932517623699,-7.708684362541867],[111.43928059928493,-7.70867538825557],[111.43943225189668,-7.707957456244658],[111.43951249041265,-7.7079887299692205],[111.43957044045264,-7.707957491920993],[111.43958381353887,-7.70788618249533],[111.43958381353887,-7.7078192341944085],[111.43958381353887,-7.7077523638990675],[111.43957935584345,-7.707658760029847],[111.43957935584345,-7.707565079511905],[111.43957935584346,-7.707516057064484],[111.43953032119414,-7.707489311863457],[111.43956598275724,-7.707217243436505],[111.43959272892971,-7.707190518157836],[111.43963293916202,-7.707168234046697],[111.43964185455292,-7.707128099023982],[111.43964631224839,-7.707096847625728],[111.43963293916202,-7.707061227110042],[111.43958381353887,-7.707012196888551],[111.43957489814805,-7.707007674223502],[111.43940996342022,-7.706922991674788],[111.4392939723705,-7.706873943702281],[111.43906217222455,-7.706784722808667],[111.4387588670235,-7.706673280147279],[111.43863405157029,-7.70662422464049],[111.4384199912546,-7.70657514979041],[111.43825059886402,-7.706530602337865],[111.43807220011625,-7.706468131668987],[111.43792955390055,-7.706423591187683],[111.43750589102108,-7.706396830961222],[111.43728291535837,-7.706419064669647],[111.43701536276876,-7.706441364002064],[111.43675681655112,-7.7064681812562625],[111.43655167168905,-7.706441397083607],[111.43641339222948,-7.706396783598097],[111.4362439998959,-7.706378967027182],[111.43605668582266,-7.706396767497415],[111.43591849734796,-7.706396807053589],[111.43580250636609,-7.706356641779095],[111.43552603845848,-7.7061470736304525],[111.43546363076541,-7.706040048247727],[111.43538784999618,-7.705968714382236],[111.4353477307658,-7.705933085787782],[111.43530306287016,-7.705883977558998],[111.43525402825598,-7.70587063644492],[111.43519607825795,-7.7058929100613565],[111.43515150133676,-7.706040042982726],[111.43435775927632,-7.706160479943923],[111.43387177994971,-7.706329939800157],[111.43368892364295,-7.7063744732580615],[111.43369338133394,-7.706378994954798]]]},"id":"00050000000000001efe","properties":{"FCODE":"BA03070040","KDBBPS":"","KDCBPS":"","KDCPUM":"35.20.17","KDEBPS":"","KDEPUM":"35.20.17.2005","KDPBPS":"","KDPKAB":"35.20","KDPPUM":"35","LUAS":2.63576304,"LUASWH":0.0,"METADATA":"TASWIL1000020221227_DATA_BATAS_DESAKELURAHAN","NAMOBJ":"Nguntoronadi","OBJECTID":13339,"REMARK":"","SRS_ID":"SRGI 2013","TIPADM":1,"UUPP":"Hasil Delineasi Batas Desa 2019","WADMKC":"Nguntoronadi","WADMKD":"Nguntoronadi","WADMKK":"Magetan","WADMPR":"Jawa Timur","WIADKC":"","WIADKD":"","WIADKK":"","WIADPR":""}},{"type":"Feature","geometry":{"type":"Polygon","coordinates":[[[111.435994278124,-7.687739943468692],[111.43643122300172,-7.687833605228298],[111.43644013838785,-7.688136777204066],[111.43666757171225,-7.688551448530554],[111.43670323325831,-7.6886317154664905],[111.43703328451613,-7.688747691723055],[111.4375237217966,-7.688832410189184],[111.43813906553103,-7.688970619557422],[111.4381078616707,-7.689327385098829],[111.4382104796143,-7.689376427597502],[111.43819710653112,-7.689487920807624],[111.43819264883675,-7.689501242853392],[111.43799641931373,-7.69109762417055],[111.43789835004132,-7.691329474258982],[111.43784476673825,-7.69137854853706],[111.43766200128196,-7.691592604026685],[111.43754601026606,-7.691646097620771],[111.43741227945053,-7.691677295238118],[111.43714918454872,-7.691708529063075],[111.43695741275347,-7.691744229888878],[111.43673889480458,-7.691851217631449],[111.43665865632576,-7.692109883057902],[111.4365695024617,-7.692488855866002],[111.43624845758882,-7.692818819131025],[111.4359363281187,-7.6931844762867],[111.43590066657727,-7.693585839793615],[111.43586491406272,-7.693915755562951],[111.43585154098481,-7.694161051801023],[111.43586045637008,-7.69421902959721],[111.43589620888459,-7.6943081812454945],[111.43588729349928,-7.694486544333882],[111.43586937175537,-7.6946783124247515],[111.4358515409848,-7.694820984417261],[111.43592295504064,-7.694816484730556],[111.43592741273334,-7.6948164862693],[111.43607005890104,-7.694771963188106],[111.4362439998959,-7.694762979261348],[111.4363643576061,-7.694754059516704],[111.4365160101439,-7.694749665286409],[111.43670769095156,-7.6947095227533],[111.43684597041799,-7.694660473894789],[111.43695741275347,-7.694673836977536],[111.43710460761284,-7.694709493460226],[111.43720713456587,-7.694727372900195],[111.4374568563887,-7.694727375487546],[111.43755938334778,-7.694709488198717],[111.43776452824456,-7.6946738647110875],[111.43788488598551,-7.694647100298846],[111.43808111550484,-7.694638123242135],[111.43827288733618,-7.694638183577691],[111.43846902589489,-7.694638172130514],[111.43862959387558,-7.69466042953557],[111.43900858891107,-7.694834319155455],[111.43909783378488,-7.694852188547787],[111.43915132612578,-7.694861089628291],[111.43903087738607,-7.695217861270567],[111.4389060619272,-7.69563696769789],[111.43888377345267,-7.69604278615586],[111.43900413121608,-7.696096281464298],[111.43852706689816,-7.6967874746588505],[111.43854935537136,-7.696796365354234],[111.43864742465442,-7.69682312550499],[111.43854935537136,-7.697300229282242],[111.43852260920353,-7.697509840431075],[111.43852260920353,-7.697719382961273],[111.43857164384464,-7.697937903326204],[111.43860284770739,-7.698000332173352],[111.43864742465443,-7.698044920190671],[111.43869645929657,-7.698044935795038],[111.4387723310813,-7.697924481332606],[111.43884365419873,-7.69788881393304],[111.43889714653739,-7.697888830972776],[111.4389818427412,-7.697911144756786],[111.43909337608983,-7.697946787596176],[111.43911120687007,-7.697955754742327],[111.43943670959199,-7.697969100528836],[111.4397532969404,-7.697991404595738],[111.43985136624308,-7.697978032290686],[111.43988702780806,-7.697978043525616],[111.43993615343368,-7.697991379505963],[111.439989645782,-7.698013683065375],[111.44004759582657,-7.698027104489317],[111.44014120743817,-7.698049342684358],[111.44018132670075,-7.698053797030499],[111.44035972551097,-7.698062731679041],[111.44042659095115,-7.698085039300701],[111.44047116791167,-7.698107339934987],[111.4405158358459,-7.698200937713941],[111.44055595511095,-7.698232198392318],[111.44061390516093,-7.698263386689248],[111.44065402442662,-7.6982723606177945],[111.44070305908504,-7.698276817623494],[111.44077883992159,-7.698272321485097],[111.44083688094709,-7.698267892981238],[111.44093940796373,-7.698232157001875],[111.44097061183867,-7.698232166685145],[111.44101073110673,-7.698236620880209],[111.44107322983095,-7.69825448040583],[111.44109106061701,-7.698267889102941],[111.44119804533453,-7.698321379054663],[111.44119804533453,-7.698334782232884],[111.44065402442662,-7.699948952062156],[111.4401679536132,-7.701300019626921],[111.44124707999734,-7.701772724036856],[111.44124707999734,-7.701902009238277],[111.44129165696388,-7.701879734202124],[111.44135406471759,-7.701839618446453],[111.44144330962597,-7.70185740731212],[111.44145222501953,-7.701910947485312],[111.44143885192918,-7.701973365277944],[111.44146559810991,-7.702013506743657],[111.44151017507805,-7.702040249414652],[111.44155920974337,-7.702044705454292],[111.44166628544252,-7.702071461205409],[111.44171086241212,-7.702058070045694],[111.4417732701701,-7.70204024199763],[111.44185350871703,-7.7020402649164605],[111.44191145877936,-7.702067011293517],[111.44195612672418,-7.702067019257968],[111.44207648454856,-7.702049207692855],[111.44212106152115,-7.702053662364126],[111.44216563849407,-7.702084846831759],[111.44226825650645,-7.702111601020588],[111.44235295275732,-7.702120509006337],[111.44243319131185,-7.702124973724419],[111.44246885289199,-7.70213838768058],[111.44251797853842,-7.702160684619455],[111.44255809781664,-7.702174021890364],[111.44259375939748,-7.702182915918146],[111.44262496328092,-7.702174040781896],[111.44272303262983,-7.702165106593216],[111.44278098270038,-7.7021829687511225],[111.44287022762958,-7.702240890601627],[111.4429014315144,-7.70235241633859],[111.44293263539937,-7.70241484660657],[111.442986127774,-7.7024638792563005],[111.4430396201491,-7.702463894212074],[111.44310211889405,-7.702441541141217],[111.44316006896817,-7.70238357784729],[111.44325813832565,-7.702316741919976],[111.44335174998648,-7.702316690161662],[111.44347665650993,-7.702294432534995],[111.44352569119098,-7.702267638613861],[111.44356135277744,-7.702232034998198],[111.44360592976082,-7.702174068297538],[111.44361484515754,-7.70213837935192],[111.443632675951,-7.702116096684376],[111.44370854779724,-7.702133880901785],[111.44377095557554,-7.702102726819547],[111.44380661716342,-7.702022392287892],[111.44388239803835,-7.702000125899001],[111.4440028468739,-7.701986751085828],[111.44406971235385,-7.701946636598548],[111.44413212013582,-7.701884233397242],[111.44418115482208,-7.701808422889545],[111.44420344331594,-7.7017504505550365],[111.44421235871351,-7.701683512805817],[111.44423464720752,-7.701661231636204],[111.44445762312532,-7.701688018644098],[111.44461819126367,-7.7017192299219905],[111.44472963374174,-7.701710299303269],[111.44485899799226,-7.701679081534094],[111.44491249038356,-7.7016032727789865],[111.44497935587333,-7.701607733296673],[111.44511754455446,-7.701616655522726],[111.44522016261591,-7.701563143091566],[111.44533160510478,-7.7015185216819],[111.44549663096541,-7.701505159278896],[111.4455857849603,-7.7015274712216],[111.44565265045729,-7.701576506007094],[111.44571069152875,-7.701647898713266],[111.44605402540128,-7.701616661892323],[111.44638844389196,-7.70160770952749],[111.4467184046999,-7.701540856032708],[111.44699487311561,-7.701531887375347],[111.44733820705845,-7.701580991963405],[111.44771720263024,-7.70168356322898],[111.44800258649276,-7.7017816668325425],[111.44841287699029,-7.701790572928539],[111.44922445168675,-7.701415951974525],[111.44943396370064,-7.70127332664305],[111.44979521956013,-7.70098789669699],[111.44993786604968,-7.700760473219112],[111.44999135848408,-7.700582118983121],[111.45003147781019,-7.700131807815467],[111.45015192676352,-7.700011366125768],[111.45022325001187,-7.699917721739032],[111.45039273370344,-7.699975660110321],[111.4504863454706,-7.7000827521239685],[111.45049526087706,-7.700265562912975],[111.45051309169004,-7.700426090400424],[111.45063799835576,-7.700541991802221],[111.45084751041594,-7.700568775716271],[111.45101699412399,-7.70044834631142],[111.4511908445667,-7.700434989919112],[111.4513915322107,-7.7004750912654005],[111.45186868848822,-7.700439441631817],[111.45209612237933,-7.7003234697505665],[111.45232346530486,-7.70026555536803],[111.4525063221655,-7.7002610794069986],[111.45271146755512,-7.700220920721062],[111.45289423345312,-7.700176397256709],[111.45308600573989,-7.700055975229288],[111.45320190607153,-7.699895408566018],[111.45338922066212,-7.699846362496287],[111.45416959204488,-7.699734891886161],[111.45438801963091,-7.699659131833664],[111.45441485684003,-7.699645731672078],[111.45535570577931,-7.699021431778363],[111.45587743941549,-7.6987048163834215],[111.45734893772993,-7.6978977889007],[111.45740243022502,-7.697866558030254],[111.45745592272053,-7.697830885888159],[111.45750495750846,-7.697786252100926],[111.45754953458871,-7.697741695104688],[111.45759411166925,-7.697697138155873],[111.45764323743184,-7.697630215451792],[111.45768335680486,-7.697558853964646],[111.45772347617815,-7.697483051316622],[111.45775468013531,-7.697407246424915],[111.45778142638443,-7.697326999207918],[111.4577992572172,-7.697246749742925],[111.45780817263363,-7.697202105890745],[111.45773684930263,-7.697179880680532],[111.45431669633672,-7.69681419791113],[111.45425874616075,-7.696671514534312],[111.4542498307491,-7.696595698286019],[111.45415621892761,-7.696546661945501],[111.45395998890378,-7.696511003267018],[111.45345608624092,-7.696435212509127],[111.45330006655811,-7.696408442480149],[111.45325103180141,-7.696399468012215],[111.45303697098481,-7.696359362132651],[111.45271592525988,-7.696292499610479],[111.45246174511941,-7.696225577918806],[111.45218973417123,-7.696163169993579],[111.45191772323447,-7.696109644356516],[111.45165908542127,-7.6960695241648605],[111.45146285547283,-7.6960472651309715],[111.45122213946634,-7.69603831217001],[111.45106157116014,-7.696029387270069],[111.45081630649166,-7.696038280717923],[111.45077172945722,-7.696038345545002],[111.45066920227919,-7.695940216163791],[111.45062453427222,-7.695810863439969],[111.45062908294909,-7.695659309303225],[111.4506424560591,-7.695480959190661],[111.45097687479173,-7.6947986545222635],[111.4510259095312,-7.694383997284738],[111.45101253642041,-7.694254652265206],[111.45100362101321,-7.694094142434379],[111.45095458627392,-7.693889052895733],[111.45099024790245,-7.693322696668383],[111.45099916330963,-7.693255848324871],[111.4508608835264,-7.693171116695271],[111.45059333034902,-7.693126548885375],[111.45055766872268,-7.692979356442644],[111.4505264647998,-7.692850086045174],[111.45039273370344,-7.6928366428176185],[111.45028120015175,-7.692689509590316],[111.45030794637033,-7.692248055180668],[111.45032577718278,-7.691989464444974],[111.45033023488591,-7.6919314980298985],[111.45013855365454,-7.6917709345896865],[111.45015638446651,-7.69165056388452],[111.44987100050731,-7.69154350161808],[111.44959898966866,-7.6914276390398335],[111.44952320872471,-7.6913963711724955],[111.44919324777037,-7.6912581280505545],[111.44887656896591,-7.691133294600513],[111.44884536505124,-7.691119961168576],[111.44842179239386,-7.690941560573268],[111.44825230875472,-7.690870218501648],[111.4481586970204,-7.69083006206146],[111.44806062758592,-7.69079442307162],[111.44803388137677,-7.6906873612396485],[111.44804725448134,-7.69041981203439],[111.44808291609361,-7.690179073400329],[111.44810074689984,-7.69007202749104],[111.44812303540768,-7.689626143179504],[111.44811412000453,-7.689220375770731],[111.44810966230297,-7.688948307821423],[111.4481052046014,-7.688877017593963],[111.44810074689984,-7.688805649529203],[111.44810074689984,-7.688685277111842],[111.44813640851243,-7.688480150414704],[111.44817207012521,-7.688346390367689],[111.44818990093167,-7.68821262445938],[111.44819881633494,-7.688047613802858],[111.44820327403656,-7.687900443388008],[111.44820773173821,-7.68777563340518],[111.44822556254476,-7.687650750438834],[111.44823002024641,-7.687641792397094],[111.44823447794808,-7.687606189290257],[111.4482567664564,-7.687459026168537],[111.44827459726311,-7.687347544253688],[111.44829242806985,-7.6872048210208215],[111.44862693765288,-7.687155768739869],[111.44861802224902,-7.686629571495515],[111.44867151467233,-7.686504781691471],[111.44874729560614,-7.686433444932732],[111.44881416113674,-7.686384386758387],[111.44884090734917,-7.686366555384996],[111.44887656896591,-7.686339767800619],[111.44893461006707,-7.686272860982835],[111.44895244087569,-7.6861569408836825],[111.44896581398217,-7.685996378526331],[111.44901930640842,-7.685880471733392],[111.44913074896456,-7.685782348766234],[111.44912183356,-7.68536320742691],[111.44922445168675,-7.685345399089451],[111.44925119790089,-7.68522052490709],[111.44923782479381,-7.684738983329683],[111.44906834113289,-7.684551641203413],[111.44822110484311,-7.684230606833385],[111.44681201641285,-7.683931882227454],[111.44642410549484,-7.683851575728886],[111.446334951488,-7.6838426607803925],[111.44592020342594,-7.683806988163286],[111.44566602355678,-7.683784693162602],[111.44542530777042,-7.683762398272008],[111.44530485890728,-7.683753475805586],[111.44519341641887,-7.68374455195403],[111.4448991172857,-7.683708918881119],[111.44469397214853,-7.683686641679664],[111.44368180160673,-7.683570652316293],[111.44367734390832,-7.683570650589502],[111.44364159134776,-7.683566200818794],[111.44364159134776,-7.683557319442119],[111.44366833753809,-7.683383364163206],[111.44368180160673,-7.683312002232887],[111.44371300549567,-7.68295980009815],[111.44352123349269,-7.682946407913508],[111.44114455297553,-7.682857238424889],[111.44036418320697,-7.682826011141669],[111.4400342227393,-7.684177126111611],[111.44002976504356,-7.684190446823253],[111.43991377398196,-7.684658719963509],[111.4395882712343,-7.685925035392724],[111.4388169080296,-7.685826967132028],[111.4387499516339,-7.685809104083221],[111.43829071811396,-7.685746678278416],[111.43768874744595,-7.685661995355373],[111.43755046795997,-7.6856396628924095],[111.43735878712515,-7.68560850045315],[111.43694403967311,-7.685528174478492],[111.43691283581904,-7.685523721122265],[111.4368013934844,-7.685501471963384],[111.43626183066762,-7.685390008138772],[111.43611909352197,-7.685372114000536],[111.43611017813632,-7.685439037204098],[111.43608788967224,-7.685572804147697],[111.43583371021433,-7.687253852282073],[111.4357623871329,-7.687695368982389],[111.435994278124,-7.687739943468692]]]},"id":"00050000000000000bdf","properties":{"FCODE":"BA03070040","KDBBPS":"","KDCBPS":"","KDCPUM":"35.20.17","KDEBPS":"","KDEPUM":"35.20.17.2006","KDPBPS":"","KDPKAB":"35.20","KDPPUM":"35","LUAS":2.7781629,"LUASWH":0.0,"METADATA":"TASWIL1000020221227_DATA_BATAS_DESAKELURAHAN","NAMOBJ":"Simbatan","OBJECTID":14938,"REMARK":"","SRS_ID":"SRGI 2013","TIPADM":1,"UUPP":"Hasil Delineasi Batas Desa 2019","WADMKC":"Nguntoronadi","WADMKD":"Simbatan","WADMKK":"Magetan","WADMPR":"Jawa Timur","WIADKC":"","WIADKD":"","WIADKK":"","WIADPR":""}},{"type":"Feature","geometry":{"type":"Polygon","coordinates":[[[111.44575526852755,-7.701665678458841],[111.4457998455267,-7.7017772048647055],[111.44613872170395,-7.702156176866416],[111.44613872170395,-7.702191867789607],[111.44622787570799,-7.702218621239265],[111.44603173690076,-7.703123784455597],[111.44608968700226,-7.7031283197855345],[111.44603173690076,-7.703592061216914],[111.44600944840033,-7.703774878242347],[111.44611643320313,-7.703779348355863],[111.44611643320313,-7.703810520241116],[111.44614763710429,-7.70381941241858],[111.44608077160198,-7.7040780442475],[111.44604956770117,-7.704158304131413],[111.4459781535264,-7.70447936351694],[111.44623233340822,-7.704483866521467],[111.44647759789956,-7.70446600101165],[111.4466872007959,-7.704448204142406],[111.44680310101155,-7.704439271947253],[111.44691017680138,-7.7044883127159185],[111.44703053472195,-7.7045373615912975],[111.4471509836183,-7.70455515564726],[111.44759684469656,-7.704599762314876],[111.44823447794808,-7.704653295657881],[111.4481453239156,-7.705852779861779],[111.44808291609361,-7.706454786360016],[111.44829242806985,-7.706352200627478],[111.44852431953578,-7.706316559020871],[111.44878741492441,-7.706423539575168],[111.44905942572841,-7.706387907172248],[111.44943396370064,-7.706325490733857],[111.44971934764033,-7.70622291859207],[111.44992003523832,-7.706147056838962],[111.45022770771493,-7.706075740580336],[111.45041502221932,-7.706057934079612],[111.45061561886558,-7.706111441722159],[111.45081184878819,-7.706200635498096],[111.45097687479173,-7.706338840074325],[111.45104374034564,-7.706454738416747],[111.45115072523335,-7.7065261477172395],[111.451329124357,-7.706588528726093],[111.45143610924944,-7.7065974374866935],[111.45177944343155,-7.706744644530334],[111.4520068773195,-7.70697201543546],[111.45216298794483,-7.7071681979549975],[111.45231900760035,-7.707186079184782],[111.45248403364242,-7.707279706408206],[111.4525642723259,-7.707382281490849],[111.45256873003056,-7.70740012869392],[111.45262668019153,-7.707529429293625],[111.45275604460294,-7.707694433555923],[111.45286748722383,-7.707788053593454],[111.45317070213588,-7.707939691603408],[111.45364785854422,-7.708082321797428],[111.45387529249756,-7.708002096705521],[111.45415621892761,-7.707921805319014],[111.45431669633672,-7.707823724790759],[111.45450401095923,-7.707738971634838],[111.45477156429769,-7.707565083589072],[111.45493649942813,-7.707409024992592],[111.45488746465918,-7.708086775356981],[111.45495878795957,-7.708149213024394],[111.45501237140897,-7.708216084245223],[111.45506586388522,-7.70827407610489],[111.45513272948112,-7.708323108704185],[111.45520405278417,-7.708363258083254],[111.45525308755546,-7.70840340279272],[111.45534679036619,-7.70842570581052],[111.45564108997938,-7.708541645473754],[111.45579265201096,-7.708612983601777],[111.4559933397964,-7.708809172534995],[111.4559621358475,-7.708920685810371],[111.455908643364,-7.70909898211026],[111.45580156742469,-7.7094378906515555],[111.45573024411519,-7.7096207051623935],[111.45566783622,-7.709781233399042],[111.45565446309968,-7.709839212533061],[111.45673359212006,-7.709977424200675],[111.45843243375964,-7.710191493452768],[111.45914594009868,-7.710280688555864],[111.46011799367307,-7.710387697103026],[111.46020269015862,-7.709669814730963],[111.46002438176919,-7.70964305135203],[111.46007787428553,-7.708813654179679],[111.4599039326353,-7.708791337761239],[111.46007787428553,-7.707395667260485],[111.46010016283412,-7.706989903718827],[111.46015811306081,-7.706628646213037],[111.46026073135987,-7.706289760189849],[111.46033205471758,-7.70584832425812],[111.46046578601526,-7.7057814139708425],[111.46077345898361,-7.705714535185238],[111.46089836584316,-7.705705672837979],[111.46098752004875,-7.705723458261639],[111.4610900473866,-7.7057547274764335],[111.46120158112058,-7.7057323811800575],[111.46131748159321,-7.705652142234317],[111.46144684617329,-7.70558522661746],[111.46150925412208,-7.70558523948816],[111.46168310483958,-7.705585275280812],[111.46197749570354,-7.7054915828594694],[111.4621959235437,-7.705264166592203],[111.46228516873985,-7.705041239643421],[111.46233866127389,-7.704903013969193],[111.46233420356272,-7.704764776588808],[111.46224941607704,-7.704581955281496],[111.4622449583659,-7.704425874091721],[111.46227179560641,-7.704327769816925],[111.46233420356272,-7.7042519639616645],[111.46239661151957,-7.70422073008539],[111.4625303428576,-7.70417618651941],[111.46259284178994,-7.704158350652898],[111.46259284178994,-7.704153909060587],[111.46260621492401,-7.704158353477053],[111.4627889810922,-7.704073612301548],[111.46292280341154,-7.703079197300494],[111.4626998268632,-7.702829494206575],[111.46239661151957,-7.702437100548421],[111.46237432296348,-7.702312266710547],[111.4622449583659,-7.702151726333745],[111.46212460016655,-7.701991183315444],[111.46212905787759,-7.7018619146459],[111.46208893847827,-7.7016567420688435],[111.46194620075325,-7.7014828750809174],[111.46182138484828,-7.701188543897965],[111.46175451918582,-7.700956718263523],[111.46173223063182,-7.700912143279279],[111.46172777292104,-7.700778355085523],[111.46173223063182,-7.700751551976805],[111.46175006147502,-7.7007203885429325],[111.46176343460745,-7.700689146167975],[111.46177235002908,-7.700657902769079],[111.46179463858321,-7.7005553668136715],[111.46182138484828,-7.700457273453306],[111.46182584255912,-7.700417146418196],[111.46183030026998,-7.700381460766213],[111.46183030026998,-7.700341332730787],[111.46182138484828,-7.700305643968158],[111.46181246942658,-7.700265513871479],[111.46179018087237,-7.700194213291273],[111.46177235002908,-7.700118394566743],[111.46176343460745,-7.700042578031678],[111.46176343460745,-7.699966763698592],[111.46176789231826,-7.699899911085131],[111.46177235002908,-7.699832980625231],[111.46178572316155,-7.699783973472467],[111.46179909629406,-7.699739329759547],[111.46182138484828,-7.699694766136226],[111.46184367340257,-7.699654643860311],[111.46188379280046,-7.699601124066611],[111.46192391219863,-7.6995521235523],[111.4619819534145,-7.6994762411185995],[111.46203990365716,-7.699404960682041],[111.4621914658326,-7.699199841388082],[111.4622583314993,-7.699164171562183],[111.4624723926108,-7.69899919078344],[111.46256163781055,-7.69899024715559],[111.4626195880581,-7.698959016616044],[111.46265524974915,-7.698909937859461],[111.46272657313179,-7.698834142479363],[111.46282018507262,-7.698744951048742],[111.46283355820712,-7.69874051306497],[111.46286039544991,-7.698695946779875],[111.46286485316145,-7.698686987511984],[111.46287822629604,-7.698678108321442],[111.46288714171911,-7.698673669266834],[111.46290051485376,-7.698664712163367],[111.46290943027687,-7.698664714322899],[111.46295400739255,-7.698655842694483],[111.46299412679694,-7.6986379317369975],[111.46302978848992,-7.69862009762463],[111.46306545018307,-7.69859338111241],[111.4630877387414,-7.698575543782538],[111.4631055695881,-7.698553264180568],[111.46311894272317,-7.698530983509478],[111.46312785814655,-7.698504182655994],[111.46313677356996,-7.698477459731678],[111.46314123128164,-7.698459618123725],[111.46315023767878,-7.698437331664285],[111.46315915310221,-7.698419491152267],[111.4631769839491,-7.6984016528127555],[111.46319481479604,-7.698388255667326],[111.46321264564301,-7.698374858526461],[111.46323047649004,-7.6983704216740705],[111.46328842674322,-7.698352593103769],[111.46334637699684,-7.698343646899093],[111.46340878496285,-7.698339220866313],[111.46347128390315,-7.698334712161777],[111.46353814958223,-7.69832584601913],[111.46360055754997,-7.698308018534436],[111.46366296551827,-7.698285671972936],[111.46372091577504,-7.698258961095104],[111.46374329530917,-7.698245560338274],[111.46376112615758,-7.698227722093623],[111.46377895700601,-7.6982054426972635],[111.46379233014237,-7.698183162231741],[111.46380124556663,-7.6981608806958475],[111.46380570327877,-7.698134079019432],[111.46380570327875,-7.698111795340031],[111.46378787243025,-7.697964609820822],[111.46377004158178,-7.697817502514732],[111.46376558386967,-7.697772934277763],[111.46376558386967,-7.69773280828868],[111.46377449929389,-7.697688165472121],[111.46378787243025,-7.69764804282031],[111.46379678785449,-7.6976302026129915],[111.46380570327877,-7.697612362412132],[111.46381907641516,-7.697598964430055],[111.4638324495516,-7.6975856443665736],[111.46385028040022,-7.697576688603214],[111.46387256896108,-7.697563292823887],[111.4638903998098,-7.697545454841987],[111.46390377294637,-7.697532134796213],[111.46391714608298,-7.6975098546228296],[111.46392606150738,-7.697487495449122],[111.46393497693181,-7.697465214199238],[111.46393943464402,-7.697442931861355],[111.46390377294637,-7.697371553790884],[111.46385473811239,-7.697211038942872],[111.4638681112489,-7.697157515462332],[111.46392160379517,-7.697054994296285],[111.46401075803988,-7.696965805429633],[111.46406879927328,-7.696854321014061],[111.4640821724102,-7.696840923255726],[111.46409108783483,-7.6968276023033955],[111.46410000325946,-7.696809762385046],[111.46410446097178,-7.696791921360839],[111.46410446097178,-7.696778520283614],[111.46410446097178,-7.69676067815598],[111.46410446097178,-7.696742836033189],[111.46408663012251,-7.696675982088839],[111.4640777146979,-7.696604611476448],[111.46407325698559,-7.6965556030753355],[111.4640777146979,-7.696506519035632],[111.4640821724102,-7.696457435035124],[111.46409554554714,-7.696408431231562],[111.4641089186841,-7.696363790584833],[111.46412674953343,-7.696323670034612],[111.46415349580752,-7.696292511718321],[111.4641802420817,-7.696261275511798],[111.46419361521885,-7.6962478779249235],[111.464206988356,-7.696234480342334],[111.46421590378077,-7.696216640624926],[111.46422036149318,-7.696194358775979],[111.46422036149318,-7.696176516819173],[111.46422481920558,-7.696087386149281],[111.46423373463038,-7.696002619822211],[111.46423373463038,-7.695984777918913],[111.4642381923428,-7.6959714560606605],[111.46424710776762,-7.695958057425661],[111.46425602319246,-7.69594465879455],[111.46426493861732,-7.6959312601673275],[111.46427831175461,-7.6959223815804965],[111.46429168489193,-7.695917943986707],[111.46430951574173,-7.695913429613692],[111.4643809301151,-7.695895601113779],[111.46441213410267,-7.695886727063319],[111.46444779580294,-7.6958822172184185],[111.46446116894059,-7.695877779628078],[111.46447008436569,-7.695873340906925],[111.46447899979081,-7.695868902186289],[111.46448791521594,-7.695864385554203],[111.46449237292852,-7.695855504721424],[111.4644968306411,-7.695846545978293],[111.46450128835367,-7.69583766514873],[111.46450574606625,-7.695824265429428],[111.46450574606625,-7.695815383471494],[111.46450128835367,-7.695806422470263],[111.4644968306411,-7.695793098404088],[111.46448791521594,-7.695779695294526],[111.46447899979081,-7.69576629218607],[111.46446562665314,-7.695752965856113],[111.46445225351547,-7.695744002589482],[111.4644344226653,-7.695735116098652],[111.4644165918152,-7.695730670581317],[111.46440321867765,-7.695717266336651],[111.46438984554011,-7.695708303066368],[111.46437647240259,-7.695690535759483],[111.4643675569776,-7.695677132652948],[111.46436309926511,-7.695659289713774],[111.46435864155264,-7.695641446778468],[111.46434972612765,-7.695605760919445],[111.4643408107027,-7.695574593954063],[111.46432743756529,-7.695543347946617],[111.46430505802927,-7.69551662328492],[111.46428276946702,-7.6954898159672736],[111.46425602319246,-7.695467526380402],[111.46422036149318,-7.695449675461822],[111.464206988356,-7.695440790102009],[111.46419807293123,-7.695431905887887],[111.46418915750647,-7.695418502802075],[111.46418024208171,-7.695405099717374],[111.46417578436933,-7.69539177569308],[111.46417132665697,-7.6953783737591985],[111.46417132665698,-7.695360532019112],[111.46417132665697,-7.695302565875197],[111.4641668689446,-7.69524903957981],[111.46415795351989,-7.695195512172229],[111.46415795351989,-7.695177670480467],[111.46415795351989,-7.695155387850404],[111.46416241123224,-7.695142066177154],[111.4641668689446,-7.695124225655183],[111.46418469979407,-7.695084028090606],[111.46419807293123,-7.695043907312771],[111.46420253064362,-7.6950350266011736],[111.46421144606839,-7.695026069136826],[111.46421590378078,-7.695017188428615],[111.46422481920558,-7.695012749810515],[111.46423373463038,-7.695008233281864],[111.46424265005521,-7.695003794664823],[111.46425156548004,-7.694999356048305],[111.46426493861732,-7.694999359518678],[111.46427385404216,-7.695003802761562],[111.46428276946703,-7.695003805074384],[111.46429614260435,-7.69500380854317],[111.46430505802927,-7.695003810855398],[111.46431852214036,-7.694999368648376],[111.46432743756529,-7.694994852121313],[111.46433635299022,-7.694985972578721],[111.4643408107027,-7.69497701397079],[111.46434972612765,-7.694968134431874],[111.46434972612765,-7.694959174670771],[111.46435418384014,-7.694945853054757],[111.46434972612765,-7.694936892139764],[111.46422036149318,-7.694861133861077],[111.46408663012251,-7.694798692355666],[111.46401521575216,-7.694789796621338],[111.46389931523417,-7.694785325374441],[111.46382799183945,-7.6947496234687085],[111.46375221073336,-7.694727321049821],[111.46362284611001,-7.6946560032838685],[111.46362284611001,-7.694647043527466],[111.46343562220788,-7.694540022428412],[111.46319927250778,-7.6945712847925645],[111.46122386967285,-7.694896772833734],[111.46084041561015,-7.694789778339506],[111.4587267335091,-7.694977086421228],[111.45862420620696,-7.6949859402407075],[111.45837002583916,-7.695008235893557],[111.45835665271342,-7.695079601210173],[111.45835219500485,-7.695079599976859],[111.45828087166805,-7.695289168842782],[111.458271956251,-7.695623652506131],[111.4581425917315,-7.69599815821741],[111.4581247608978,-7.696056122165977],[111.45811138777253,-7.696109646222564],[111.45810693006413,-7.696167613915505],[111.4580980146473,-7.696279108287981],[111.4580935569389,-7.696301390880428],[111.4580935569389,-7.6963906040640095],[111.4580890992305,-7.696506541226293],[111.4580890992305,-7.696564510485644],[111.4580846415221,-7.696617959484432],[111.45807126839694,-7.69667600317269],[111.45804897985505,-7.696769574203319],[111.45801777589651,-7.696863220923208],[111.45800886047982,-7.696894462902111],[111.45799102964645,-7.696921183380199],[111.45796874110484,-7.696943539375859],[111.45794645256328,-7.696965817467207],[111.45793307943836,-7.696992539177491],[111.4578527497159,-7.697148666998481],[111.45780817263363,-7.697202105890745],[111.4577992572172,-7.697246749742925],[111.45778142638443,-7.697326999207918],[111.45775468013531,-7.697407246424915],[111.45772347617815,-7.697483051316622],[111.45768335680486,-7.697558853964646],[111.45764323743184,-7.697630215451792],[111.45759411166925,-7.697697138155873],[111.45754953458871,-7.697741695104688],[111.45750495750846,-7.697786252100926],[111.45745592272053,-7.697830885888159],[111.45740243022502,-7.697866558030254],[111.45734893772993,-7.6978977889007],[111.45587743941549,-7.6987048163834215],[111.45535570577931,-7.699021431778363],[111.45441485684003,-7.699645731672078],[111.45438801963091,-7.699659131833664],[111.45416959204488,-7.699734891886161],[111.45338922066212,-7.699846362496287],[111.45320190607153,-7.699895408566018],[111.45308600573989,-7.700055975229288],[111.45289423345312,-7.700176397256709],[111.45271146755512,-7.700220920721062],[111.4525063221655,-7.7002610794069986],[111.45232346530486,-7.70026555536803],[111.45209612237933,-7.7003234697505665],[111.45186868848822,-7.700439441631817],[111.4513915322107,-7.7004750912654005],[111.4511908445667,-7.700434989919112],[111.45101699412399,-7.70044834631142],[111.45084751041594,-7.700568775716271],[111.45063799835576,-7.700541991802221],[111.45051309169004,-7.700426090400424],[111.45049526087706,-7.700265562912975],[111.4504863454706,-7.7000827521239685],[111.45039273370344,-7.699975660110321],[111.45022325001187,-7.699917721739032],[111.45015192676352,-7.700011366125768],[111.45003147781019,-7.700131807815467],[111.44999135848408,-7.700582118983121],[111.44993786604968,-7.700760473219112],[111.44979521956013,-7.70098789669699],[111.44943396370064,-7.70127332664305],[111.44922445168675,-7.701415951974525],[111.44841287699029,-7.701790572928539],[111.44800258649276,-7.7017816668325425],[111.44771720263024,-7.70168356322898],[111.44733820705845,-7.701580991963405],[111.44699487311561,-7.701531887375347],[111.4467184046999,-7.701540856032708],[111.44638844389196,-7.70160770952749],[111.44605402540128,-7.701616661892323],[111.44571069152875,-7.701647898713266],[111.44575526852755,-7.701665678458841]]]},"id":"0005000000000000154b","properties":{"FCODE":"BA03070040","KDBBPS":"","KDCBPS":"","KDCPUM":"35.20.17","KDEBPS":"","KDEPUM":"35.20.17.2007","KDPBPS":"","KDPKAB":"35.20","KDPPUM":"35","LUAS":1.78936,"LUASWH":0.0,"METADATA":"TASWIL1000020221227_DATA_BATAS_DESAKELURAHAN","NAMOBJ":"Purworejo","OBJECTID":14234,"REMARK":"","SRS_ID":"SRGI 2013","TIPADM":1,"UUPP":"Hasil Delineasi Batas Desa 2019","WADMKC":"Nguntoronadi","WADMKD":"Purworejo","WADMKK":"Magetan","WADMPR":"Jawa Timur","WIADKC":"","WIADKD":"","WIADKK":"","WIADPR":""}},{"type":"Feature","geometry":{"type":"GeometryCollection","geometries":[{"type":"LineString","coordinates":[[111.45769225466123,-7.715096510762579],[111.45769225466123,-7.7150875925604705]]},{"type":"Polygon","coordinates":[[[111.45758519625312,-7.715974942621957],[111.45799994506312,-7.716037349172519],[111.45815150714839,-7.716050778230468],[111.45835665271342,-7.716113156247701],[111.45845472230282,-7.7161890057958775],[111.45865541016832,-7.716394088901661],[111.4586910718386,-7.716487777002932],[111.45880260553314,-7.716527849738098],[111.45886501345763,-7.716608136384234],[111.45890067512903,-7.716590293675293],[111.45917268635331,-7.716296032694199],[111.459351085694,-7.716081957968317],[111.45939566278649,-7.71595710774017],[111.45941349362357,-7.7157475352136125],[111.45942240904212,-7.715471091587217],[111.45938674736796,-7.715319497713022],[111.45899428701736,-7.71515445228],[111.45861083308073,-7.715069756148406],[111.45838339896493,-7.715069724532288],[111.4581425917315,-7.715083173819573],[111.45793307943836,-7.715127720431797],[111.45772793388629,-7.715118807122715],[111.45769227222114,-7.715096511109101],[111.45766998368049,-7.715216921624803],[111.45759411166925,-7.715390794158245],[111.45750495750846,-7.715974929978025],[111.45758519625312,-7.715974942621957]]]},{"type":"Polygon","coordinates":[[[111.45520405278417,-7.718244640148848],[111.45526200296847,-7.718338258168432],[111.45533787495307,-7.718458686522472],[111.45538690972535,-7.718552303349753],[111.45541811367154,-7.718641474846848],[111.45543594449802,-7.718726201690153],[111.45544040220463,-7.718819890132472],[111.45542702908479,-7.718962524571455],[111.45553401404442,-7.719354986570126],[111.4555161832177,-7.719591310339724],[111.45550281009767,-7.719631449701456],[111.45550726780434,-7.71968492010268],[111.45556076028458,-7.719702776941132],[111.45568120934036,-7.719738409759585],[111.45568566704713,-7.719867720076923],[111.45568120934036,-7.719988143713213],[111.45568120934034,-7.720050577349774],[111.45569458246072,-7.720126341453957],[111.45572132870154,-7.720215591939087],[111.45574807494249,-7.720318093153634],[111.45577036347669,-7.720376087274533],[111.45592647419178,-7.720505414660322],[111.45598442438242,-7.720558892869686],[111.4560780362299,-7.720625782457934],[111.45635450504662,-7.720572266662146],[111.45680045773281,-7.720367166465535],[111.45691635812985,-7.720273492824419],[111.45710367282598,-7.719675995118271],[111.45731327606677,-7.719181079915231],[111.45736231085367,-7.718873369069444],[111.45732664919043,-7.718530028165461],[111.45739351480914,-7.71797259839741],[111.45748712667644,-7.717321571044943],[111.4575183306325,-7.716844503132664],[111.45750049980045,-7.716697349804032],[111.45731773377467,-7.7166705883047655],[111.45703234950251,-7.716634930358633],[111.456880696469,-7.716630468964663],[111.45654627743433,-7.716630421481223],[111.45647941182413,-7.7166572224396885],[111.4563723358756,-7.71668394393879],[111.45624306236655,-7.716688444165826],[111.45610924017934,-7.71668842785688],[111.45591310107093,-7.7167062452536],[111.45576590576984,-7.716706226704884],[111.45567675163356,-7.71669288469167],[111.45566337851322,-7.716759755703095],[111.45572578640837,-7.716808790336684],[111.45573470182201,-7.716853373891307],[111.45571687099473,-7.716955941309629],[111.45566337851322,-7.717062945958069],[111.45559205520522,-7.7171298862441],[111.45550281009767,-7.717187865349911],[111.45544931761789,-7.717268058679364],[111.45541811367154,-7.717540070104975],[111.45541365596495,-7.717678338309669],[111.4553735366056,-7.717780903852365],[111.45536016348588,-7.717838890751932],[111.45526200296847,-7.717932489137088],[111.45519513737125,-7.718003874140273],[111.45518176425189,-7.71805289791745],[111.45518176425188,-7.718151027611911],[111.45520405278417,-7.718244640148848]]]},{"type":"Polygon","coordinates":[[[111.46007787428553,-7.708813654179679],[111.46002438176919,-7.70964305135203],[111.46020269015862,-7.709669814730963],[111.46011799367307,-7.710387697103026],[111.46086270416124,-7.710490218987024],[111.46182584255912,-7.71058833496615],[111.46289159943065,-7.710735478312377],[111.4638413649759,-7.710864833972732],[111.46457706946791,-7.710940617364344],[111.465491264511,-7.711078839664362],[111.4662269691764,-7.711168021873059],[111.46713661574586,-7.711275070034415],[111.46826478143517,-7.711422198670941],[111.46839405517001,-7.7114356220232025],[111.46840297060008,-7.711440065308254],[111.46844318100933,-7.71143562469159],[111.46890241664961,-7.709602915594815],[111.47027139026164,-7.709839224011929],[111.47094022966986,-7.709990805186862],[111.47138172557518,-7.710191521335715],[111.47180084194773,-7.710418888616442],[111.47227799964442,-7.710628491548613],[111.4728487694448,-7.710998634221059],[111.47285322716255,-7.711003076638104],[111.47285322716255,-7.711007518428168],[111.47295129695426,-7.710913865103286],[111.47358001714336,-7.710307450613172],[111.47371829738314,-7.710160265515118],[111.47429352501351,-7.709522606838889],[111.47452086866777,-7.709335389517056],[111.47448966463638,-7.709308579327875],[111.47317873154115,-7.708751172870171],[111.47287105803368,-7.708390034158775],[111.47242064660344,-7.707859396031154],[111.47234040768865,-7.707747875953099],[111.47180084194773,-7.706980964735114],[111.47136835242456,-7.706579599602492],[111.47114091789385,-7.706459254485919],[111.46979869041249,-7.705919669634287],[111.4690496122315,-7.705620948151892],[111.46866160905088,-7.705558471096266],[111.46810867043968,-7.705469313341232],[111.46776979314483,-7.705371228888325],[111.46761823084852,-7.705210681476976],[111.46752007015532,-7.705018980503968],[111.46739971186514,-7.704831634382121],[111.46726152271967,-7.704688933847475],[111.46716781974567,-7.704541805296192],[111.46714107346011,-7.704381282870414],[111.46715890431715,-7.7041405113286725],[111.46723923414807,-7.703988889217996],[111.46739971186514,-7.703819444581684],[111.46813996541752,-7.703279906595272],[111.46879097376669,-7.7029900132319264],[111.4689380783725,-7.702838413490292],[111.4689603669494,-7.702677906607023],[111.46892916294176,-7.702379163238176],[111.46880880462784,-7.701968903187857],[111.46876868519031,-7.701010207783027],[111.46879988919726,-7.700310141724244],[111.46892916294176,-7.699627869332183],[111.46913876654091,-7.698990262539343],[111.46942860902793,-7.698481938662927],[111.46965158578907,-7.698250037910122],[111.47006178662957,-7.698080588075852],[111.47028922112646,-7.697879933295621],[111.4704809938998,-7.697411724241075],[111.47076192100766,-7.696510982711212],[111.47093131423664,-7.695868892271847],[111.47110971387679,-7.6953293339535485],[111.47117212191104,-7.694968166835742],[111.47117212191104,-7.694490982826001],[111.47110079844337,-7.694071825407338],[111.47093131423664,-7.693741853717138],[111.47052111334686,-7.692970485004639],[111.4701108215065,-7.693389604102512],[111.46999046317282,-7.693411933004239],[111.46883109320434,-7.693452014239477],[111.46829152772493,-7.693608090325694],[111.46763160399216,-7.693920263955521],[111.46747995072502,-7.693897948140073],[111.46730164214873,-7.69379093430017],[111.4669895111772,-7.693567963081598],[111.46676207678516,-7.693581308929641],[111.46640091098561,-7.693701743898894],[111.46595049996024,-7.693920248027904],[111.46571860788833,-7.693978234566817],[111.46534852671604,-7.6939782204196945],[111.4651879580719,-7.694098631119603],[111.46493832614746,-7.69433050313496],[111.46475992666171,-7.694468673766118],[111.4646796878328,-7.69445088927697],[111.46409108783483,-7.694459782034038],[111.46343562220788,-7.694540022428412],[111.46362284611001,-7.694647043527466],[111.46362284611001,-7.6946560032838685],[111.46375221073336,-7.694727321049821],[111.46382799183945,-7.6947496234687085],[111.46389931523417,-7.694785325374441],[111.46401521575216,-7.694789796621338],[111.46408663012251,-7.694798692355666],[111.46422036149318,-7.694861133861077],[111.46434972612765,-7.694936892139764],[111.46435418384014,-7.694945853054757],[111.46434972612765,-7.694959174670771],[111.46434972612765,-7.694968134431874],[111.4643408107027,-7.69497701397079],[111.46433635299022,-7.694985972578721],[111.46432743756529,-7.694994852121313],[111.46431852214036,-7.694999368648376],[111.46430505802927,-7.695003810855398],[111.46429614260435,-7.69500380854317],[111.46428276946703,-7.695003805074384],[111.46427385404216,-7.695003802761562],[111.46426493861732,-7.694999359518678],[111.46425156548004,-7.694999356048305],[111.46424265005521,-7.695003794664823],[111.46423373463038,-7.695008233281864],[111.46422481920558,-7.695012749810515],[111.46421590378078,-7.695017188428615],[111.46421144606839,-7.695026069136826],[111.46420253064362,-7.6950350266011736],[111.46419807293123,-7.695043907312771],[111.46418469979407,-7.695084028090606],[111.4641668689446,-7.695124225655183],[111.46416241123224,-7.695142066177154],[111.46415795351989,-7.695155387850404],[111.46415795351989,-7.695177670480467],[111.46415795351989,-7.695195512172229],[111.4641668689446,-7.69524903957981],[111.46417132665697,-7.695302565875197],[111.46417132665698,-7.695360532019112],[111.46417132665697,-7.6953783737591985],[111.46417578436933,-7.69539177569308],[111.46418024208171,-7.695405099717374],[111.46418915750647,-7.695418502802075],[111.46419807293123,-7.695431905887887],[111.464206988356,-7.695440790102009],[111.46422036149318,-7.695449675461822],[111.46425602319246,-7.695467526380402],[111.46428276946702,-7.6954898159672736],[111.46430505802927,-7.69551662328492],[111.46432743756529,-7.695543347946617],[111.4643408107027,-7.695574593954063],[111.46434972612765,-7.695605760919445],[111.46435864155264,-7.695641446778468],[111.46436309926511,-7.695659289713774],[111.4643675569776,-7.695677132652948],[111.46437647240259,-7.695690535759483],[111.46438984554011,-7.695708303066368],[111.46440321867765,-7.695717266336651],[111.4644165918152,-7.695730670581317],[111.4644344226653,-7.695735116098652],[111.46445225351547,-7.695744002589482],[111.46446562665314,-7.695752965856113],[111.46447899979081,-7.69576629218607],[111.46448791521594,-7.695779695294526],[111.4644968306411,-7.695793098404088],[111.46450128835367,-7.695806422470263],[111.46450574606625,-7.695815383471494],[111.46450574606625,-7.695824265429428],[111.46450128835367,-7.69583766514873],[111.4644968306411,-7.695846545978293],[111.46449237292852,-7.695855504721424],[111.46448791521594,-7.695864385554203],[111.46447899979081,-7.695868902186289],[111.46447008436569,-7.695873340906925],[111.46446116894059,-7.695877779628078],[111.46444779580294,-7.6958822172184185],[111.46441213410267,-7.695886727063319],[111.4643809301151,-7.695895601113779],[111.46430951574173,-7.695913429613692],[111.46429168489193,-7.695917943986707],[111.46427831175461,-7.6959223815804965],[111.46426493861732,-7.6959312601673275],[111.46425602319246,-7.69594465879455],[111.46424710776762,-7.695958057425661],[111.4642381923428,-7.6959714560606605],[111.46423373463038,-7.695984777918913],[111.46423373463038,-7.696002619822211],[111.46422481920558,-7.696087386149281],[111.46422036149318,-7.696176516819173],[111.46422036149318,-7.696194358775979],[111.46421590378077,-7.696216640624926],[111.464206988356,-7.696234480342334],[111.46419361521885,-7.6962478779249235],[111.4641802420817,-7.696261275511798],[111.46415349580752,-7.696292511718321],[111.46412674953343,-7.696323670034612],[111.4641089186841,-7.696363790584833],[111.46409554554714,-7.696408431231562],[111.4640821724102,-7.696457435035124],[111.4640777146979,-7.696506519035632],[111.46407325698559,-7.6965556030753355],[111.4640777146979,-7.696604611476448],[111.46408663012251,-7.696675982088839],[111.46410446097178,-7.696742836033189],[111.46410446097178,-7.69676067815598],[111.46410446097178,-7.696778520283614],[111.46410446097178,-7.696791921360839],[111.46410000325946,-7.696809762385046],[111.46409108783483,-7.6968276023033955],[111.4640821724102,-7.696840923255726],[111.46406879927328,-7.696854321014061],[111.46401075803988,-7.696965805429633],[111.46392160379517,-7.697054994296285],[111.4638681112489,-7.697157515462332],[111.46385473811239,-7.697211038942872],[111.46390377294637,-7.697371553790884],[111.46393943464402,-7.697442931861355],[111.46393497693181,-7.697465214199238],[111.46392606150738,-7.697487495449122],[111.46391714608298,-7.6975098546228296],[111.46390377294637,-7.697532134796213],[111.4638903998098,-7.697545454841987],[111.46387256896108,-7.697563292823887],[111.46385028040022,-7.697576688603214],[111.4638324495516,-7.6975856443665736],[111.46381907641516,-7.697598964430055],[111.46380570327877,-7.697612362412132],[111.46379678785449,-7.6976302026129915],[111.46378787243025,-7.69764804282031],[111.46377449929389,-7.697688165472121],[111.46376558386967,-7.69773280828868],[111.46376558386967,-7.697772934277763],[111.46377004158178,-7.697817502514732],[111.46378787243025,-7.697964609820822],[111.46380570327875,-7.698111795340031],[111.46380570327877,-7.698134079019432],[111.46380124556663,-7.6981608806958475],[111.46379233014237,-7.698183162231741],[111.46377895700601,-7.6982054426972635],[111.46376112615758,-7.698227722093623],[111.46374329530917,-7.698245560338274],[111.46372091577504,-7.698258961095104],[111.46366296551827,-7.698285671972936],[111.46360055754997,-7.698308018534436],[111.46353814958223,-7.69832584601913],[111.46347128390315,-7.698334712161777],[111.46340878496285,-7.698339220866313],[111.46334637699684,-7.698343646899093],[111.46328842674322,-7.698352593103769],[111.46323047649004,-7.6983704216740705],[111.46321264564301,-7.698374858526461],[111.46319481479604,-7.698388255667326],[111.4631769839491,-7.6984016528127555],[111.46315915310221,-7.698419491152267],[111.46315023767878,-7.698437331664285],[111.46314123128164,-7.698459618123725],[111.46313677356996,-7.698477459731678],[111.46312785814655,-7.698504182655994],[111.46311894272317,-7.698530983509478],[111.4631055695881,-7.698553264180568],[111.4630877387414,-7.698575543782538],[111.46306545018307,-7.69859338111241],[111.46302978848992,-7.69862009762463],[111.46299412679694,-7.6986379317369975],[111.46295400739255,-7.698655842694483],[111.46290943027687,-7.698664714322899],[111.46290051485376,-7.698664712163367],[111.46288714171911,-7.698673669266834],[111.46287822629604,-7.698678108321442],[111.46286485316145,-7.698686987511984],[111.46286039544991,-7.698695946779875],[111.46283355820712,-7.69874051306497],[111.46282018507262,-7.698744951048742],[111.46272657313179,-7.698834142479363],[111.46265524974915,-7.698909937859461],[111.4626195880581,-7.698959016616044],[111.46256163781055,-7.69899024715559],[111.4624723926108,-7.69899919078344],[111.4622583314993,-7.699164171562183],[111.4621914658326,-7.699199841388082],[111.46203990365716,-7.699404960682041],[111.4619819534145,-7.6994762411185995],[111.46192391219863,-7.6995521235523],[111.46188379280046,-7.699601124066611],[111.46184367340257,-7.699654643860311],[111.46182138484828,-7.699694766136226],[111.46179909629406,-7.699739329759547],[111.46178572316155,-7.699783973472467],[111.46177235002908,-7.699832980625231],[111.46176789231826,-7.699899911085131],[111.46176343460745,-7.699966763698592],[111.46176343460745,-7.700042578031678],[111.46177235002908,-7.700118394566743],[111.46179018087237,-7.700194213291273],[111.46181246942658,-7.700265513871479],[111.46182138484828,-7.700305643968158],[111.46183030026998,-7.700341332730787],[111.46183030026998,-7.700381460766213],[111.46182584255912,-7.700417146418196],[111.46182138484828,-7.700457273453306],[111.46179463858321,-7.7005553668136715],[111.46177235002908,-7.700657902769079],[111.46176343460745,-7.700689146167975],[111.46175006147502,-7.7007203885429325],[111.46173223063182,-7.700751551976805],[111.46172777292104,-7.700778355085523],[111.46173223063182,-7.700912143279279],[111.46175451918582,-7.700956718263523],[111.46182138484828,-7.701188543897965],[111.46194620075325,-7.7014828750809174],[111.46208893847827,-7.7016567420688435],[111.46212905787759,-7.7018619146459],[111.46212460016655,-7.701991183315444],[111.4622449583659,-7.702151726333745],[111.46237432296348,-7.702312266710547],[111.46239661151957,-7.702437100548421],[111.4626998268632,-7.702829494206575],[111.46292280341154,-7.703079197300494],[111.4627889810922,-7.704073612301548],[111.46260621492401,-7.704158353477053],[111.46259284178994,-7.704153909060587],[111.46259284178994,-7.704158350652898],[111.4625303428576,-7.70417618651941],[111.46239661151957,-7.70422073008539],[111.46233420356272,-7.7042519639616645],[111.46227179560641,-7.704327769816925],[111.4622449583659,-7.704425874091721],[111.46224941607704,-7.704581955281496],[111.46233420356272,-7.704764776588808],[111.46233866127389,-7.704903013969193],[111.46228516873985,-7.705041239643421],[111.4621959235437,-7.705264166592203],[111.46197749570354,-7.7054915828594694],[111.46168310483958,-7.705585275280812],[111.46150925412208,-7.70558523948816],[111.46144684617329,-7.70558522661746],[111.46131748159321,-7.705652142234317],[111.46120158112058,-7.7057323811800575],[111.4610900473866,-7.7057547274764335],[111.46098752004875,-7.705723458261639],[111.46089836584316,-7.705705672837979],[111.46077345898361,-7.705714535185238],[111.46046578601526,-7.7057814139708425],[111.46033205471758,-7.70584832425812],[111.46026073135987,-7.706289760189849],[111.46015811306081,-7.706628646213037],[111.46010016283412,-7.706989903718827],[111.46007787428553,-7.707395667260485],[111.4599039326353,-7.708791337761239],[111.46007787428553,-7.708813654179679]]]}]},"id":"00050000000000000d32","properties":{"FCODE":"BA03070040","KDBBPS":"","KDCBPS":"","KDCPUM":"35.20.17","KDEBPS":"","KDEPUM":"35.20.17.2008","KDPBPS":"","KDPKAB":"35.20","KDPPUM":"35","LUAS":1.79484814,"LUASWH":0.0,"METADATA":"TASWIL1000020221227_DATA_BATAS_DESAKELURAHAN","NAMOBJ":"Kenongomulyo","OBJECTID":12041,"REMARK":"","SRS_ID":"SRGI 2013","TIPADM":1,"UUPP":"Hasil Delineasi Batas Desa 2019","WADMKC":"Nguntoronadi","WADMKD":"Kenongomulyo","WADMKK":"Magetan","WADMPR":"Jawa Timur","WIADKC":"","WIADKD":"","WIADKK":"","WIADPR":""}},{"type":"Feature","geometry":{"type":"Polygon","coordinates":[[[111.42700475632697,-7.700854123861715],[111.42703150244186,-7.700894269338122],[111.42728122382688,-7.700978985748418],[111.42743724283987,-7.7010369436214035],[111.42754422730842,-7.701112810039599],[111.42758443745784,-7.701317865792088],[111.42773154110643,-7.701576503829783],[111.42781623714825,-7.701701384387024],[111.42790548185103,-7.7018307040907015],[111.42800355095521,-7.701955511278862],[111.4281016200611,-7.702075954126348],[111.42820869551537,-7.70219187490412],[111.42832013768529,-7.702307801896224],[111.4283825453014,-7.702365806532577],[111.42845395926528,-7.702419289014165],[111.42852528225684,-7.7024683338635995],[111.42860106293638,-7.702512937771433],[111.42868130130404,-7.702553022791853],[111.4287660883332,-7.702584297686572],[111.42885078439043,-7.7026110569905955],[111.42893548044893,-7.702628853604178],[111.42902472516928,-7.702642204512002],[111.42910942123036,-7.702646673989917],[111.42919857498022,-7.70264670251489],[111.42926544029352,-7.702646723893015],[111.42933239658083,-7.702651182864778],[111.429394804208,-7.702664529837123],[111.42945721183588,-7.70268239707523],[111.42951961946443,-7.7027047066419305],[111.42957766037907,-7.702735894724841],[111.42963561032104,-7.702771529883988],[111.42968910257572,-7.702811683900671],[111.429733679455,-7.702856277435133],[111.4297782563346,-7.702905313326056],[111.42981837552657,-7.702958868106737],[111.42985412800398,-7.703016781175653],[111.42989424719647,-7.703083663080485],[111.42994328176543,-7.703150547822924],[111.42999677402297,-7.70321299161776],[111.4300547239692,-7.703266552076662],[111.43011713160426,-7.703320035992756],[111.43018854558981,-7.70336463319393],[111.43031781855191,-7.70344931253276],[111.43044718249016,-7.703542949758611],[111.43057199776946,-7.7036411106099445],[111.43069681305148,-7.70374363587059],[111.4308128039319,-7.70385067393544],[111.43092424615251,-7.703962157762319],[111.43103132165957,-7.7040780778910065],[111.43113384850636,-7.704198443837517],[111.43124083304407,-7.704327773949015],[111.4313523662462,-7.704452658306607],[111.43146826616653,-7.7045730284302785],[111.43159317244121,-7.704693396509568],[111.43171798774533,-7.70480488446435],[111.43184726074169,-7.704911931293893],[111.43193650550725,-7.704978823548755],[111.4320256593009,-7.705041200143656],[111.43212372847552,-7.705099214849956],[111.43213710154491,-7.7051036612622665],[111.43222188862505,-7.7051482619417255],[111.43232441549293,-7.705192872603687],[111.43242703333587,-7.705228515640108],[111.43253401789748,-7.705259722236672],[111.43264100246104,-7.705286486332411],[111.4327302472388,-7.705308797946944],[111.43281494335432,-7.7053355554003184],[111.43289963947106,-7.705362312816808],[111.43298433558904,-7.705397955078151],[111.43305574961,-7.705438109030556],[111.43312261496798,-7.705482708847227],[111.43318948032675,-7.705531751090907],[111.43325188799562,-7.705585234470829],[111.43327417644895,-7.7056075311211405],[111.43330992894775,-7.705643232192055],[111.4333634212364,-7.705705675821614],[111.433407998144,-7.705772559341133],[111.43345257505193,-7.705843885347228],[111.43348823657851,-7.705919651283474],[111.43368892364295,-7.7063744732580615],[111.43387177994971,-7.706329939800157],[111.43435775927632,-7.706160479943923],[111.43515150133676,-7.706040042982726],[111.43519607825795,-7.7058929100613565],[111.43525402825598,-7.70587063644492],[111.43530306287016,-7.705883977558998],[111.4353477307658,-7.705933085787782],[111.43538784999618,-7.705968714382236],[111.43546363076541,-7.706040048247727],[111.43552603845848,-7.7061470736304525],[111.43580250636609,-7.706356641779095],[111.43591849734796,-7.706396807053589],[111.43605668582266,-7.706396767497415],[111.4362439998959,-7.706378967027182],[111.43641339222948,-7.706396783598097],[111.43655167168905,-7.706441397083607],[111.43675681655112,-7.7064681812562625],[111.43701536276876,-7.706441364002064],[111.43728291535837,-7.706419064669647],[111.43750589102108,-7.706396830961222],[111.43792955390055,-7.706423591187683],[111.43807220011625,-7.706468131668987],[111.43825059886402,-7.706530602337865],[111.4384199912546,-7.70657514979041],[111.43863405157029,-7.70662422464049],[111.4387588670235,-7.706673280147279],[111.43906217222455,-7.706784722808667],[111.4392939723705,-7.706873943702281],[111.43940996342022,-7.706922991674788],[111.43957489814805,-7.707007674223502],[111.43958381353887,-7.707012196888551],[111.43963293916202,-7.707061227110042],[111.43964631224839,-7.707096847625728],[111.43964185455292,-7.707128099023982],[111.43963293916202,-7.707168234046697],[111.43959272892971,-7.707190518157836],[111.43956598275724,-7.707217243436505],[111.43953032119414,-7.707489311863457],[111.43957935584346,-7.707516057064484],[111.43957935584345,-7.707565079511905],[111.43957935584345,-7.707658760029847],[111.43958381353887,-7.7077523638990675],[111.43958381353887,-7.7078192341944085],[111.43958381353887,-7.70788618249533],[111.43957044045264,-7.707957491920993],[111.43951249041265,-7.7079887299692205],[111.43943225189668,-7.707957456244658],[111.43928059928493,-7.70867538825557],[111.43932517623699,-7.708684362541867],[111.43928505698013,-7.708974128714209],[111.43922710694288,-7.709540499047258],[111.43923602233319,-7.709544943834128],[111.43923156463804,-7.709558270402837],[111.43918698768665,-7.7102316616328075],[111.43921373385744,-7.7102985411706255],[111.4404667102156,-7.710624071627364],[111.44073872065508,-7.7105927999979285],[111.44075209374387,-7.710579475421975],[111.44097061183867,-7.7100711215939475],[111.44106868116104,-7.7095181672290884],[111.44104193498205,-7.708951859802119],[111.44097952723155,-7.708140279307184],[111.44084133864342,-7.707261897334806],[111.44043104864718,-7.706410195143542],[111.44045779482347,-7.706209518917616],[111.44047116791167,-7.7061292493269065],[111.44060944746475,-7.705188379046079],[111.44065848212283,-7.704911961581501],[111.4406183628571,-7.7039889124106695],[111.4408591694288,-7.703208564797029],[111.44117129915497,-7.702548573365008],[111.44139873265831,-7.702191868968873],[111.44155920974337,-7.702044705454292],[111.44151017507805,-7.702040249414652],[111.44146559810991,-7.702013506743657],[111.44143885192918,-7.701973365277944],[111.44145222501953,-7.701910947485312],[111.44144330962597,-7.70185740731212],[111.44135406471759,-7.701839618446453],[111.44129165696388,-7.701879734202124],[111.44124707999734,-7.701902009238277],[111.44124707999734,-7.701772724036856],[111.4401679536132,-7.701300019626921],[111.44065402442662,-7.699948952062156],[111.44119804533453,-7.698334782232884],[111.44119804533453,-7.698321379054663],[111.44109106061701,-7.698267889102941],[111.44107322983095,-7.69825448040583],[111.44101073110673,-7.698236620880209],[111.44097061183867,-7.698232166685145],[111.44093940796373,-7.698232157001875],[111.44083688094709,-7.698267892981238],[111.44077883992159,-7.698272321485097],[111.44070305908504,-7.698276817623494],[111.44065402442662,-7.6982723606177945],[111.44061390516093,-7.698263386689248],[111.44055595511095,-7.698232198392318],[111.4405158358459,-7.698200937713941],[111.44047116791167,-7.698107339934987],[111.44042659095115,-7.698085039300701],[111.44035972551097,-7.698062731679041],[111.44018132670075,-7.698053797030499],[111.44014120743817,-7.698049342684358],[111.44004759582657,-7.698027104489317],[111.439989645782,-7.698013683065375],[111.43993615343368,-7.697991379505963],[111.43988702780806,-7.697978043525616],[111.43985136624308,-7.697978032290686],[111.4397532969404,-7.697991404595738],[111.43943670959199,-7.697969100528836],[111.43911120687007,-7.697955754742327],[111.43909337608983,-7.697946787596176],[111.4389818427412,-7.697911144756786],[111.43889714653739,-7.697888830972776],[111.43884365419873,-7.69788881393304],[111.4387723310813,-7.697924481332606],[111.43869645929657,-7.698044935795038],[111.43864742465443,-7.698044920190671],[111.43860284770739,-7.698000332173352],[111.43857164384464,-7.697937903326204],[111.43852260920353,-7.697719382961273],[111.43852260920353,-7.697509840431075],[111.43854935537136,-7.697300229282242],[111.43864742465442,-7.69682312550499],[111.43854935537136,-7.696796365354234],[111.43852706689816,-7.6967874746588505],[111.43900413121608,-7.696096281464298],[111.43888377345267,-7.69604278615586],[111.4389060619272,-7.69563696769789],[111.43903087738607,-7.695217861270567],[111.43915132612578,-7.694861089628291],[111.43909783378488,-7.694852188547787],[111.43900858891107,-7.694834319155455],[111.43862959387558,-7.69466042953557],[111.43846902589489,-7.694638172130514],[111.43827288733618,-7.694638183577691],[111.43808111550484,-7.694638123242135],[111.43788488598551,-7.694647100298846],[111.43776452824456,-7.6946738647110875],[111.43755938334778,-7.694709488198717],[111.4374568563887,-7.694727375487546],[111.43720713456587,-7.694727372900195],[111.43710460761284,-7.694709493460226],[111.43695741275347,-7.694673836977536],[111.43684597041799,-7.694660473894789],[111.43670769095156,-7.6947095227533],[111.4365160101439,-7.694749665286409],[111.4363643576061,-7.694754059516704],[111.4362439998959,-7.694762979261348],[111.43607005890104,-7.694771963188106],[111.43592741273334,-7.6948164862693],[111.43592295504064,-7.694816484730556],[111.4358515409848,-7.694820984417261],[111.43586937175537,-7.6946783124247515],[111.43588729349928,-7.694486544333882],[111.43589620888459,-7.6943081812454945],[111.43586045637008,-7.69421902959721],[111.43585154098481,-7.694161051801023],[111.43586491406272,-7.693915755562951],[111.43590066657727,-7.693585839793615],[111.4359363281187,-7.6931844762867],[111.43624845758882,-7.692818819131025],[111.4365695024617,-7.692488855866002],[111.43665865632576,-7.692109883057902],[111.43673889480458,-7.691851217631449],[111.43657841784805,-7.692002792044667],[111.43648034859898,-7.692060807254246],[111.43637773068517,-7.69208757966815],[111.43606114351545,-7.692203493955943],[111.43584262559956,-7.692239185567814],[111.43571781020744,-7.692274828255199],[111.43563311404998,-7.692310485437178],[111.4355037499966,-7.692341689816935],[111.43516487441308,-7.692243625416849],[111.43496418729816,-7.692118727985315],[111.43480371038983,-7.692042930428136],[111.43446037715502,-7.691891331489896],[111.43423294391566,-7.6917976698007475],[111.43410357989306,-7.691775419512398],[111.43385385821192,-7.691739722331553],[111.4335461865597,-7.691717483766991],[111.43317610725494,-7.691717429217854],[111.43274362030958,-7.691690701881229],[111.43264546015124,-7.691686228516919],[111.43253401789748,-7.691681745387508],[111.43233333087282,-7.691672869999681],[111.43208360926752,-7.691663898167767],[111.43195433626586,-7.691641641980148],[111.43185626709413,-7.69162383898621],[111.43178039539838,-7.691610412688084],[111.43153958919558,-7.691565833420817],[111.43151284305958,-7.691561381788887],[111.4311605946406,-7.691498915937587],[111.43083063468704,-7.691440977465208],[111.43061657465559,-7.691730849494353],[111.43058537083527,-7.691770967731838],[111.43057199776946,-7.691793248499818],[111.43050067475238,-7.691891326034771],[111.4301573417718,-7.692194554939932],[111.43009038547487,-7.692248067682576],[111.42955982962779,-7.692769805470516],[111.42936805808199,-7.693197855099019],[111.42918074423014,-7.693621468280054],[111.42910050585546,-7.6943081980805],[111.42918074423014,-7.694789734942353],[111.42910050585544,-7.695289217875083],[111.42890873432508,-7.6955477946086885],[111.42828001850387,-7.695900045345073],[111.42799017789547,-7.696091805529618],[111.42712957153091,-7.6979379094833424],[111.42715185996047,-7.6983391871247235],[111.42726785076881,-7.698678071282421],[111.4273614621759,-7.699128475271154],[111.42723209830766,-7.699440634552147],[111.42716523301826,-7.699565460517961],[111.42717860607607,-7.699752739037796],[111.4272187252497,-7.699837466527002],[111.42725893539681,-7.699926631559609],[111.42725893539681,-7.6999355939317535],[111.42725893539681,-7.700033634569498],[111.42723655599363,-7.700154039549017],[111.42721426756374,-7.700203130377144],[111.42720089450584,-7.700234299446254],[111.42709391004378,-7.700381480766288],[111.4269735525264,-7.700733781983227],[111.42700475632697,-7.700854123861715]]]},"id":"000500000000000007de","properties":{"FCODE":"BA03070040","KDBBPS":"","KDCBPS":"","KDCPUM":"35.20.17","KDEBPS":"","KDEPUM":"35.20.17.2009","KDPBPS":"","KDPKAB":"35.20","KDPPUM":"35","LUAS":1.9085786,"LUASWH":0.0,"METADATA":"TASWIL1000020221227_DATA_BATAS_DESAKELURAHAN","NAMOBJ":"Driyorejo","OBJECTID":10362,"REMARK":"","SRS_ID":"SRGI 2013","TIPADM":1,"UUPP":"Hasil Delineasi Batas Desa 2019","WADMKC":"Nguntoronadi","WADMKD":"Driyorejo","WADMKK":"Magetan","WADMPR":"Jawa Timur","WIADKC":"","WIADKD":"","WIADKK":"","WIADPR":""}}]}